date,strategy,atm,straddle,vix,move,be,pnl_pts,pnl_inr,win
2021-05-18,S3_SHORT_STRADDLE,15100,502.16,19.239999771118164,69.8,251.1,251.08,6277.0,True
2021-05-19,S3_SHORT_STRADDLE,15050,500.89,19.31999969482422,125.3,250.4,250.44,6261.0,True
2021-05-21,S3_SHORT_STRADDLE,15200,499.42,19.079999923706055,2.3,249.7,249.71,6243.0,True
2021-05-24,S3_SHORT_STRADDLE,15200,501.87,19.1299991607666,101.5,250.9,250.94,6274.0,True
2021-05-26,S3_SHORT_STRADDLE,15300,551.19,20.8700008392334,37.8,275.6,275.6,6890.0,True
2021-05-27,S3_SHORT_STRADDLE,15350,526.84,19.90999984741211,85.7,263.4,263.42,6586.0,True
2021-05-28,S3_SHORT_STRADDLE,15450,463.45,17.399999618530273,124.8,231.7,231.72,5793.0,True
2021-06-01,S3_SHORT_STRADDLE,15550,469.27,17.389999389648438,26.2,234.6,234.63,5866.0,True
2021-06-02,S3_SHORT_STRADDLE,15600,462.43,17.209999084472656,90.3,231.2,231.22,5780.0,True
2021-06-03,S3_SHORT_STRADDLE,15700,426.68,15.75,29.8,213.3,213.34,5334.0,True
2021-06-04,S3_SHORT_STRADDLE,15650,432.92,15.9399995803833,101.7,216.5,216.46,5412.0,True
2021-06-07,S3_SHORT_STRADDLE,15750,423.97,15.569999694824219,9.9,212.0,211.99,5300.0,True
2021-06-08,S3_SHORT_STRADDLE,15750,413.95,15.229999542236328,114.7,207.0,206.97,5174.0,True
2021-06-09,S3_SHORT_STRADDLE,15650,398.12,14.75,87.8,199.1,199.06,4976.0,True
2021-06-10,S3_SHORT_STRADDLE,15750,407.58,15.0,49.3,203.8,203.79,5095.0,True
2021-06-11,S3_SHORT_STRADDLE,15800,385.26,14.100000381469727,11.8,192.6,192.63,4816.0,True
2021-06-14,S3_SHORT_STRADDLE,15800,403.18,14.720000267028809,69.2,201.6,201.59,5040.0,True
2021-06-15,S3_SHORT_STRADDLE,15850,402.24,14.609999656677246,82.5,201.1,201.12,5028.0,True
2021-06-16,S3_SHORT_STRADDLE,15750,406.54,14.869999885559082,58.6,203.3,203.27,5082.0,True
2021-06-17,S3_SHORT_STRADDLE,15700,414.33,15.289999961853027,16.7,207.2,207.16,5179.0,True
2021-06-18,S3_SHORT_STRADDLE,15700,400.64,14.800000190734863,46.5,200.3,200.32,5008.0,True
2021-06-21,S3_SHORT_STRADDLE,15750,409.78,15.0600004196167,22.8,204.9,204.89,5122.0,True
2021-06-22,S3_SHORT_STRADDLE,15750,403.61,14.739999771118164,63.0,201.8,201.81,5045.0,True
2021-06-23,S3_SHORT_STRADDLE,15700,416.22,15.369999885559082,90.5,208.1,208.11,5203.0,True
2021-06-24,S3_SHORT_STRADDLE,15800,411.76,15.100000381469727,60.3,205.9,205.88,5147.0,True
2021-06-25,S3_SHORT_STRADDLE,15850,367.65,13.369999885559082,35.3,183.8,183.82,4596.0,True
2021-06-28,S3_SHORT_STRADDLE,15800,367.77,13.399999618530273,51.5,183.9,183.88,4597.0,True
2021-06-29,S3_SHORT_STRADDLE,15750,354.23,13.0,28.5,177.1,177.12,4428.0,True
2021-06-30,S3_SHORT_STRADDLE,15700,356.86,13.050000190734863,20.0,178.4,178.43,4461.0,True
2021-07-08,S3_SHORT_STRADDLE,15750,368.06,13.5600004196167,60.2,184.0,184.03,4601.0,True
2021-07-20,S3_SHORT_STRADDLE,15650,356.5,13.210000038146973,174.0,178.2,35.65,891.0,True
2021-07-27,S3_SHORT_STRADDLE,15750,360.29,13.229999542236328,40.6,180.1,180.15,4504.0,True
2021-07-28,S3_SHORT_STRADDLE,15700,372.69,13.6899995803833,78.5,186.3,186.34,4658.0,True
2021-08-03,S3_SHORT_STRADDLE,16150,382.85,13.75,108.8,191.4,191.43,4786.0,True
2021-08-04,S3_SHORT_STRADDLE,16250,372.29,13.210000038146973,44.6,186.1,186.15,4654.0,True
2021-08-16,S3_SHORT_STRADDLE,16550,386.67,13.460000038146973,64.6,193.3,193.34,4834.0,True
2021-08-17,S3_SHORT_STRADDLE,16600,386.58,13.40999984741211,31.2,193.3,193.29,4832.0,True
2021-08-20,S3_SHORT_STRADDLE,16450,398.94,14.020000457763672,46.4,199.5,199.47,4987.0,True
2021-08-23,S3_SHORT_STRADDLE,16500,390.48,13.6899995803833,124.6,195.2,195.24,4881.0,True
2021-08-24,S3_SHORT_STRADDLE,16600,381.52,13.1899995803833,34.7,190.8,190.76,4769.0,True
2021-08-25,S3_SHORT_STRADDLE,16650,387.79,13.5,13.1,193.9,193.9,4848.0,True
2021-08-26,S3_SHORT_STRADDLE,16650,389.07,13.539999961853027,55.2,194.5,194.53,4863.0,True
2021-08-27,S3_SHORT_STRADDLE,16700,387.95,13.40999984741211,231.1,194.0,38.8,970.0,True
2021-08-30,S3_SHORT_STRADDLE,16950,389.34,13.319999694824219,182.2,194.7,38.93,973.0,True
2021-08-31,S3_SHORT_STRADDLE,17150,429.4,14.520000457763672,73.8,214.7,214.7,5368.0,True
2021-09-01,S3_SHORT_STRADDLE,17100,418.14,14.1899995803833,134.2,209.1,209.07,5227.0,True
2021-09-02,S3_SHORT_STRADDLE,17250,423.71,14.239999771118164,73.6,211.9,211.85,5296.0,True
2021-09-03,S3_SHORT_STRADDLE,17300,437.25,14.539999961853027,77.8,218.6,218.62,5466.0,True
2021-09-06,S3_SHORT_STRADDLE,17400,453.11,15.109999656677246,37.9,226.6,226.56,5664.0,True
2021-09-07,S3_SHORT_STRADDLE,17350,447.99,14.899999618530273,3.5,224.0,224.0,5600.0,True
2021-09-08,S3_SHORT_STRADDLE,17350,432.63,14.40999984741211,19.2,216.3,216.31,5408.0,True
2021-09-09,S3_SHORT_STRADDLE,17350,420.22,13.9399995803833,5.3,210.1,210.11,5253.0,True
2021-09-13,S3_SHORT_STRADDLE,17350,421.48,14.029999732971191,30.0,210.7,210.74,5268.0,True
2021-09-14,S3_SHORT_STRADDLE,17400,407.43,13.579999923706055,119.4,203.7,203.72,5093.0,True
2021-09-15,S3_SHORT_STRADDLE,17500,417.57,13.729999542236328,129.5,208.8,208.78,5220.0,True
2021-09-16,S3_SHORT_STRADDLE,17650,438.47,14.40999984741211,64.8,219.2,219.24,5481.0,True
2021-09-17,S3_SHORT_STRADDLE,17600,462.34,15.229999542236328,203.1,231.2,46.23,1156.0,True
2021-09-20,S3_SHORT_STRADDLE,17400,525.42,17.489999771118164,162.0,262.7,262.71,6568.0,True
2021-09-21,S3_SHORT_STRADDLE,17550,501.89,16.520000457763672,3.3,250.9,250.94,6274.0,True
2021-09-22,S3_SHORT_STRADDLE,17550,499.77,16.489999771118164,272.9,249.9,49.98,1250.0,True
2021-09-23,S3_SHORT_STRADDLE,17800,512.51,16.600000381469727,53.2,256.3,256.25,6406.0,True
2021-09-24,S3_SHORT_STRADDLE,17850,521.98,16.920000076293945,5.1,261.0,260.99,6525.0,True
2021-09-27,S3_SHORT_STRADDLE,17850,556.78,18.049999237060547,101.4,278.4,278.39,6960.0,True
2021-09-28,S3_SHORT_STRADDLE,17750,568.14,18.540000915527344,38.7,284.1,284.07,7102.0,True
2021-09-29,S3_SHORT_STRADDLE,17700,576.61,18.84000015258789,81.8,288.3,288.31,7208.0,True
2021-09-30,S3_SHORT_STRADDLE,17600,560.65,18.399999618530273,67.9,280.3,280.32,7008.0,True
2021-10-01,S3_SHORT_STRADDLE,17550,520.62,17.209999084472656,141.2,260.3,260.31,6508.0,True
2021-10-04,S3_SHORT_STRADDLE,17700,511.29,16.739999771118164,122.3,255.6,255.65,6391.0,True
2021-10-05,S3_SHORT_STRADDLE,17800,506.35,16.399999618530273,154.0,253.2,253.18,6330.0,True
2021-10-06,S3_SHORT_STRADDLE,17650,528.06,17.329999923706055,140.3,264.0,264.03,6601.0,True
2021-10-07,S3_SHORT_STRADDLE,17800,496.38,16.15999984741211,95.2,248.2,248.19,6205.0,True
2021-10-08,S3_SHORT_STRADDLE,17900,483.8,15.649999618530273,45.9,241.9,241.9,6048.0,True
2021-10-11,S3_SHORT_STRADDLE,17950,498.78,16.09000015258789,41.9,249.4,249.39,6235.0,True
2021-10-12,S3_SHORT_STRADDLE,18000,492.48,15.850000381469727,161.8,246.2,246.24,6156.0,True
2021-10-13,S3_SHORT_STRADDLE,18150,505.91,16.100000381469727,188.6,253.0,252.96,6324.0,True
2021-10-14,S3_SHORT_STRADDLE,18350,499.32,15.770000457763672,127.1,249.7,249.66,6242.0,True
2021-10-18,S3_SHORT_STRADDLE,18500,547.66,17.18000030517578,81.2,273.8,273.83,6846.0,True
2021-10-19,S3_SHORT_STRADDLE,18400,553.91,17.3799991607666,133.4,277.0,276.95,6924.0,True
2021-10-20,S3_SHORT_STRADDLE,18250,578.34,18.309999465942383,71.9,289.2,289.17,7229.0,True
2021-10-21,S3_SHORT_STRADDLE,18200,565.74,18.040000915527344,85.1,282.9,282.87,7072.0,True
2021-10-22,S3_SHORT_STRADDLE,18100,549.83,17.549999237060547,25.4,274.9,274.92,6873.0,True
2021-10-25,S3_SHORT_STRADDLE,18150,550.63,17.610000610351562,118.4,275.3,275.31,6883.0,True
2021-10-26,S3_SHORT_STRADDLE,18250,529.66,16.75,39.1,264.8,264.83,6621.0,True
2021-10-27,S3_SHORT_STRADDLE,18200,530.03,16.829999923706055,342.8,265.0,-636.04,-15901.0,False
2021-10-28,S3_SHORT_STRADDLE,17850,552.65,17.90999984741211,178.3,276.3,276.32,6908.0,True
2021-10-29,S3_SHORT_STRADDLE,17650,533.19,17.43000030517578,279.7,266.6,53.32,1333.0,True
2021-11-01,S3_SHORT_STRADDLE,17950,533.32,17.239999771118164,61.1,266.7,266.66,6667.0,True
2021-11-02,S3_SHORT_STRADDLE,17900,526.79,17.059999465942383,70.8,263.4,263.39,6585.0,True
2021-11-03,S3_SHORT_STRADDLE,17850,496.24,16.1299991607666,66.8,248.1,248.12,6203.0,True
2021-11-04,S3_SHORT_STRADDLE,17900,488.69,15.75,168.6,244.3,244.34,6108.0,True
2021-11-08,S3_SHORT_STRADDLE,18050,511.2,16.34000015258789,5.8,255.6,255.6,6390.0,True
2021-11-09,S3_SHORT_STRADDLE,18050,498.65,16.0,32.8,249.3,249.32,6233.0,True
2021-11-10,S3_SHORT_STRADDLE,18000,508.73,16.309999465942383,126.4,254.4,254.37,6359.0,True
2021-11-11,S3_SHORT_STRADDLE,17850,506.37,16.350000381469727,252.8,253.2,50.64,1266.0,True
2021-11-12,S3_SHORT_STRADDLE,18100,476.42,15.220000267028809,9.4,238.2,238.21,5955.0,True
2021-11-15,S3_SHORT_STRADDLE,18100,484.76,15.470000267028809,100.8,242.4,242.38,6060.0,True
2021-11-16,S3_SHORT_STRADDLE,18000,472.89,15.199999809265137,101.3,236.4,236.44,5911.0,True
2021-11-17,S3_SHORT_STRADDLE,17900,463.46,14.979999542236328,135.2,231.7,231.73,5793.0,True
2021-11-18,S3_SHORT_STRADDLE,17750,457.34,14.859999656677246,333.4,228.7,-548.81,-13720.0,False
2021-11-22,S3_SHORT_STRADDLE,17400,527.87,17.520000457763672,103.3,263.9,263.94,6598.0,True
2021-11-23,S3_SHORT_STRADDLE,17500,544.84,18.020000457763672,84.9,272.4,272.42,6810.0,True
2021-11-24,S3_SHORT_STRADDLE,17400,515.2,17.100000381469727,136.2,257.6,257.6,6440.0,True
2021-11-25,S3_SHORT_STRADDLE,17550,504.25,16.65999984741211,523.6,252.1,-605.1,-15128.0,False
2021-11-26,S3_SHORT_STRADDLE,17050,610.83,20.799999237060547,3.9,305.4,305.42,7636.0,True
2021-11-29,S3_SHORT_STRADDLE,17050,613.22,20.829999923706055,66.8,306.6,306.61,7665.0,True
2021-11-30,S3_SHORT_STRADDLE,17000,620.15,21.170000076293945,166.9,310.1,310.07,7752.0,True
2021-12-01,S3_SHORT_STRADDLE,17150,577.15,19.450000762939453,251.7,288.6,57.72,1443.0,True
2021-12-02,S3_SHORT_STRADDLE,17400,543.69,18.09000015258789,203.3,271.8,271.85,6796.0,True
2021-12-03,S3_SHORT_STRADDLE,17200,547.75,18.450000762939453,287.8,273.9,54.78,1370.0,True
2021-12-06,S3_SHORT_STRADDLE,16900,586.66,20.079999923706055,276.7,293.3,58.67,1467.0,True
2021-12-07,S3_SHORT_STRADDLE,17200,546.97,18.459999084472656,269.8,273.5,54.7,1368.0,True
2021-12-08,S3_SHORT_STRADDLE,17450,522.2,17.270000457763672,66.8,261.1,261.1,6528.0,True
2021-12-09,S3_SHORT_STRADDLE,17500,503.31,16.600000381469727,11.3,251.7,251.66,6292.0,True
2021-12-10,S3_SHORT_STRADDLE,17500,486.59,16.059999465942383,131.8,243.3,243.29,6082.0,True
2021-12-13,S3_SHORT_STRADDLE,17350,498.25,16.56999969482422,25.1,249.1,249.12,6228.0,True
2021-12-14,S3_SHORT_STRADDLE,17300,508.76,16.950000762939453,78.6,254.4,254.38,6360.0,True
2021-12-15,S3_SHORT_STRADDLE,17200,513.44,17.219999313354492,48.4,256.7,256.72,6418.0,True
2021-12-16,S3_SHORT_STRADDLE,17250,473.86,15.899999618530273,264.8,236.9,47.39,1185.0,True
2021-12-17,S3_SHORT_STRADDLE,17000,479.01,16.34000015258789,385.8,239.5,-574.81,-14370.0,False
2021-12-20,S3_SHORT_STRADDLE,16600,544.78,18.969999313354492,170.8,272.4,272.39,6810.0,True
2021-12-21,S3_SHORT_STRADDLE,16750,509.19,17.540000915527344,205.4,254.6,50.92,1273.0,True
2021-12-22,S3_SHORT_STRADDLE,16950,485.96,16.579999923706055,122.6,243.0,242.98,6074.0,True
2021-12-23,S3_SHORT_STRADDLE,17050,468.5,15.829999923706055,46.2,234.2,234.25,5856.0,True
2021-12-24,S3_SHORT_STRADDLE,17000,474.7,16.149999618530273,86.2,237.3,237.35,5934.0,True
2021-12-27,S3_SHORT_STRADDLE,17100,504.82,17.1200008392334,133.2,252.4,252.41,6310.0,True
2021-12-28,S3_SHORT_STRADDLE,17250,490.11,16.479999542236328,36.4,245.1,245.06,6126.0,True
2021-12-29,S3_SHORT_STRADDLE,17200,483.79,16.239999771118164,3.9,241.9,241.9,6048.0,True
2021-12-30,S3_SHORT_STRADDLE,17200,492.7,16.56999969482422,154.1,246.3,246.35,6159.0,True
2021-12-31,S3_SHORT_STRADDLE,17350,486.58,16.219999313354492,275.7,243.3,48.66,1216.0,True
2022-01-03,S3_SHORT_STRADDLE,17650,500.22,16.450000762939453,155.2,250.1,250.11,6253.0,True
2022-01-04,S3_SHORT_STRADDLE,17800,496.23,16.1200008392334,125.2,248.1,248.12,6203.0,True
2022-01-05,S3_SHORT_STRADDLE,17950,532.81,17.229999542236328,204.1,266.4,266.4,6660.0,True
2022-01-06,S3_SHORT_STRADDLE,17750,550.87,17.979999542236328,62.7,275.4,275.44,6886.0,True
2022-01-07,S3_SHORT_STRADDLE,17800,542.08,17.600000381469727,203.3,271.0,271.04,6776.0,True
2022-01-10,S3_SHORT_STRADDLE,18000,549.88,17.68000030517578,55.8,274.9,274.94,6874.0,True
2022-01-11,S3_SHORT_STRADDLE,18050,554.07,17.760000228881836,162.3,277.0,277.04,6926.0,True
2022-01-12,S3_SHORT_STRADDLE,18200,541.09,17.18000030517578,57.8,270.5,270.55,6764.0,True
2022-01-13,S3_SHORT_STRADDLE,18250,527.15,16.700000762939453,5.8,263.6,263.57,6589.0,True
2022-01-14,S3_SHORT_STRADDLE,18250,522.59,16.559999465942383,58.1,261.3,261.3,6532.0,True
2022-01-17,S3_SHORT_STRADDLE,18300,530.81,16.770000457763672,186.9,265.4,265.4,6635.0,True
2022-01-18,S3_SHORT_STRADDLE,18100,556.82,17.780000686645508,161.6,278.4,278.41,6960.0,True
2022-01-19,S3_SHORT_STRADDLE,17950,551.69,17.81999969482422,193.0,275.8,275.85,6896.0,True
2022-01-20,S3_SHORT_STRADDLE,17750,545.88,17.790000915527344,132.8,272.9,272.94,6824.0,True
2022-01-21,S3_SHORT_STRADDLE,17600,575.36,18.889999389648438,450.9,287.7,-690.43,-17261.0,False
2022-01-24,S3_SHORT_STRADDLE,17150,675.48,22.829999923706055,127.9,337.7,337.74,8444.0,True
2022-01-25,S3_SHORT_STRADDLE,17300,636.53,21.360000610351562,189.8,318.3,318.26,7956.0,True
2022-01-27,S3_SHORT_STRADDLE,17100,622.52,21.06999969482422,1.9,311.3,311.26,7782.0,True
2022-01-28,S3_SHORT_STRADDLE,17100,611.06,20.700000762939453,239.8,305.5,305.53,7638.0,True
2022-01-31,S3_SHORT_STRADDLE,17350,656.56,21.950000762939453,226.8,328.3,328.28,8207.0,True
2022-02-01,S3_SHORT_STRADDLE,17600,605.75,19.979999542236328,180.0,302.9,302.88,7572.0,True
2022-02-02,S3_SHORT_STRADDLE,17800,572.05,18.649999618530273,239.8,286.0,57.2,1430.0,True
2022-02-03,S3_SHORT_STRADDLE,17550,581.29,19.15999984741211,33.7,290.6,290.64,7266.0,True
2022-02-04,S3_SHORT_STRADDLE,17500,572.33,18.899999618530273,286.4,286.2,57.23,1431.0,True
2022-02-07,S3_SHORT_STRADDLE,17200,607.8,20.440000534057617,66.8,303.9,303.9,7597.0,True
2022-02-08,S3_SHORT_STRADDLE,17250,587.31,19.68000030517578,213.8,293.7,293.65,7341.0,True
2022-02-09,S3_SHORT_STRADDLE,17450,560.29,18.559999465942383,155.8,280.1,280.14,7004.0,True
2022-02-10,S3_SHORT_STRADDLE,17600,538.76,17.709999084472656,225.2,269.4,53.88,1347.0,True
2022-02-11,S3_SHORT_STRADDLE,17350,561.66,18.68000030517578,507.2,280.8,-673.99,-16850.0,False
2022-02-14,S3_SHORT_STRADDLE,16850,667.64,22.979999542236328,502.4,333.8,-801.17,-20029.0,False
2022-02-15,S3_SHORT_STRADDLE,17350,617.34,20.610000610351562,27.8,308.7,308.67,7717.0,True
2022-02-16,S3_SHORT_STRADDLE,17300,616.51,20.59000015258789,4.6,308.3,308.25,7706.0,True
2022-02-17,S3_SHORT_STRADDLE,17300,657.35,22.010000228881836,23.7,328.7,328.68,8217.0,True
2022-02-18,S3_SHORT_STRADDLE,17300,660.57,22.170000076293945,93.3,330.3,330.29,8257.0,True
2022-02-21,S3_SHORT_STRADDLE,17200,680.02,22.899999618530273,107.8,340.0,340.01,8500.0,True
2022-02-22,S3_SHORT_STRADDLE,17100,785.79,26.65999984741211,36.8,392.9,392.89,9822.0,True
2022-02-23,S3_SHORT_STRADDLE,17050,722.64,24.540000915527344,802.0,361.3,-867.17,-21679.0,False
2022-02-24,S3_SHORT_STRADDLE,16250,895.78,31.979999542236328,408.4,447.9,89.58,2240.0,True
2022-02-25,S3_SHORT_STRADDLE,16650,768.36,26.739999771118164,143.9,384.2,384.18,9604.0,True
2022-02-28,S3_SHORT_STRADDLE,16800,827.3,28.56999969482422,194.1,413.6,413.65,10341.0,True
2022-03-02,S3_SHORT_STRADDLE,16600,837.01,29.229999542236328,101.9,418.5,418.5,10462.0,True
2022-03-03,S3_SHORT_STRADDLE,16500,801.11,28.15999984741211,254.7,400.6,400.56,10014.0,True
2022-03-04,S3_SHORT_STRADDLE,16250,783.23,27.959999084472656,386.8,391.6,78.32,1958.0,True
2022-03-07,S3_SHORT_STRADDLE,15850,802.41,29.329999923706055,163.5,401.2,401.2,10030.0,True
2022-03-08,S3_SHORT_STRADDLE,16000,789.65,28.59000015258789,345.3,394.8,78.97,1974.0,True
2022-03-09,S3_SHORT_STRADDLE,16350,774.26,27.469999313354492,244.9,387.1,387.13,9678.0,True
2022-03-10,S3_SHORT_STRADDLE,16600,732.1,25.579999923706055,30.4,366.1,366.05,9151.0,True
2022-03-11,S3_SHORT_STRADDLE,16650,727.0,25.350000381469727,221.3,363.5,363.5,9088.0,True
2022-03-14,S3_SHORT_STRADDLE,16850,747.81,25.68000030517578,187.0,373.9,373.9,9348.0,True
2022-03-15,S3_SHORT_STRADDLE,16650,768.39,26.729999542236328,325.3,384.2,76.84,1921.0,True
2022-03-16,S3_SHORT_STRADDLE,17000,706.1,24.1200008392334,287.1,353.1,70.61,1765.0,True
2022-03-17,S3_SHORT_STRADDLE,17300,674.16,22.610000610351562,182.4,337.1,337.08,8427.0,True
2022-03-21,S3_SHORT_STRADDLE,17100,727.43,24.6200008392334,215.5,363.7,363.71,9093.0,True
2022-03-22,S3_SHORT_STRADDLE,17300,719.41,24.06999969482422,54.3,359.7,359.7,8992.0,True
2022-03-23,S3_SHORT_STRADDLE,17250,736.19,24.75,27.2,368.1,368.1,9202.0,True
2022-03-24,S3_SHORT_STRADDLE,17200,711.69,23.93000030517578,47.0,355.8,355.85,8896.0,True
2022-03-25,S3_SHORT_STRADDLE,17150,693.43,23.43000030517578,72.0,346.7,346.71,8668.0,True
2022-03-28,S3_SHORT_STRADDLE,17200,672.61,22.610000610351562,125.3,336.3,336.31,8408.0,True
2022-03-29,S3_SHORT_STRADDLE,17350,636.47,21.299999237060547,148.2,318.2,318.24,7956.0,True
2022-03-30,S3_SHORT_STRADDLE,17500,622.4,20.610000610351562,35.2,311.2,311.2,7780.0,True
2022-03-31,S3_SHORT_STRADDLE,17450,620.31,20.559999465942383,220.4,310.2,310.15,7754.0,True
2022-04-01,S3_SHORT_STRADDLE,17650,563.35,18.43000030517578,403.4,281.7,-676.02,-16900.0,False
2022-04-04,S3_SHORT_STRADDLE,18050,558.54,17.90999984741211,92.6,279.3,279.27,6982.0,True
2022-04-05,S3_SHORT_STRADDLE,17950,573.64,18.489999771118164,142.3,286.8,286.82,7170.0,True
2022-04-06,S3_SHORT_STRADDLE,17800,585.08,19.020000457763672,160.4,292.5,292.54,7314.0,True
2022-04-07,S3_SHORT_STRADDLE,17650,578.34,19.0,134.3,289.2,289.17,7229.0,True
2022-04-08,S3_SHORT_STRADDLE,17800,542.87,17.690000534057617,125.1,271.4,271.44,6786.0,True
2022-04-11,S3_SHORT_STRADDLE,17650,558.94,18.270000457763672,119.7,279.5,279.47,6987.0,True
2022-04-12,S3_SHORT_STRADDLE,17550,549.22,18.15999984741211,74.3,274.6,274.61,6865.0,True
2022-04-13,S3_SHORT_STRADDLE,17500,536.31,17.790000915527344,326.3,268.2,-643.57,-16089.0,False
2022-04-18,S3_SHORT_STRADDLE,17150,574.52,19.34000015258789,191.3,287.3,287.26,7182.0,True
2022-04-19,S3_SHORT_STRADDLE,16950,579.09,19.770000457763672,186.6,289.5,289.55,7239.0,True
2022-04-20,S3_SHORT_STRADDLE,17150,552.04,18.670000076293945,242.6,276.0,55.2,1380.0,True
2022-04-21,S3_SHORT_STRADDLE,17400,535.91,17.850000381469727,228.1,268.0,53.59,1340.0,True
2022-04-22,S3_SHORT_STRADDLE,17150,545.23,18.350000381469727,196.1,272.6,272.62,6816.0,True
2022-04-25,S3_SHORT_STRADDLE,16950,622.16,21.260000228881836,250.8,311.1,62.22,1556.0,True
2022-04-26,S3_SHORT_STRADDLE,17200,569.9,19.190000534057617,161.6,284.9,284.95,7124.0,True
2022-04-27,S3_SHORT_STRADDLE,17050,605.81,20.610000610351562,195.1,302.9,302.9,7572.0,True
2022-04-28,S3_SHORT_STRADDLE,17250,576.82,19.3799991607666,147.4,288.4,288.41,7210.0,True
2022-04-29,S3_SHORT_STRADDLE,17100,573.47,19.420000076293945,30.9,286.7,286.74,7168.0,True
2022-05-02,S3_SHORT_STRADDLE,17050,598.28,20.280000686645508,372.4,299.1,-717.94,-17948.0,False
2022-05-04,S3_SHORT_STRADDLE,16700,629.35,21.8799991607666,17.3,314.7,314.68,7867.0,True
2022-05-05,S3_SHORT_STRADDLE,16700,583.88,20.290000915527344,288.8,291.9,58.39,1460.0,True
2022-05-06,S3_SHORT_STRADDLE,16400,602.22,21.25,98.2,301.1,301.11,7528.0,True
2022-05-09,S3_SHORT_STRADDLE,16300,619.75,22.030000686645508,60.0,309.9,309.88,7747.0,True
2022-05-10,S3_SHORT_STRADDLE,16250,624.69,22.299999237060547,82.9,312.3,312.35,7809.0,True
2022-05-11,S3_SHORT_STRADDLE,16150,636.53,22.799999237060547,342.0,318.3,63.65,1591.0,True
2022-05-12,S3_SHORT_STRADDLE,15800,662.02,24.270000457763672,17.8,331.0,331.01,8275.0,True
2022-05-13,S3_SHORT_STRADDLE,15800,639.35,23.489999771118164,42.3,319.7,319.68,7992.0,True
2022-05-16,S3_SHORT_STRADDLE,15850,670.23,24.530000686645508,409.3,335.1,-804.28,-20107.0,False
2022-05-17,S3_SHORT_STRADDLE,16250,638.2,22.739999771118164,9.7,319.1,319.1,7978.0,True
2022-05-18,S3_SHORT_STRADDLE,16250,624.71,22.299999237060547,440.6,312.4,-749.65,-18741.0,False
2022-05-19,S3_SHORT_STRADDLE,15800,670.0,24.559999465942383,466.2,335.0,-804.0,-20100.0,False
2022-05-20,S3_SHORT_STRADDLE,16250,648.77,23.100000381469727,35.3,324.4,324.38,8110.0,True
2022-05-23,S3_SHORT_STRADDLE,16200,655.02,23.399999618530273,74.8,327.5,327.51,8188.0,True
2022-05-24,S3_SHORT_STRADDLE,16150,712.98,25.639999389648438,124.2,356.5,356.49,8912.0,True
2022-05-25,S3_SHORT_STRADDLE,16050,698.64,25.280000686645508,120.2,349.3,349.32,8733.0,True
2022-05-26,S3_SHORT_STRADDLE,16150,634.56,22.719999313354492,202.5,317.3,317.28,7932.0,True
2022-05-27,S3_SHORT_STRADDLE,16350,606.22,21.479999542236328,311.4,303.1,60.62,1516.0,True
2022-05-30,S3_SHORT_STRADDLE,16650,575.07,19.979999542236328,65.4,287.5,287.54,7189.0,True
2022-05-31,S3_SHORT_STRADDLE,16600,585.9,20.479999542236328,77.2,292.9,292.95,7324.0,True
2022-06-01,S3_SHORT_STRADDLE,16500,595.51,20.850000381469727,128.0,297.8,297.75,7444.0,True
2022-06-02,S3_SHORT_STRADDLE,16650,582.79,20.31999969482422,65.7,291.4,291.39,7285.0,True
2022-06-03,S3_SHORT_STRADDLE,16600,571.61,19.979999542236328,30.4,285.8,285.81,7145.0,True
2022-06-06,S3_SHORT_STRADDLE,16550,578.55,20.200000762939453,133.7,289.3,289.27,7232.0,True
2022-06-07,S3_SHORT_STRADDLE,16400,579.53,20.43000030517578,43.8,289.8,289.76,7244.0,True
2022-06-08,S3_SHORT_STRADDLE,16350,560.4,19.84000015258789,128.1,280.2,280.2,7005.0,True
2022-06-09,S3_SHORT_STRADDLE,16500,544.03,19.139999389648438,298.2,272.0,54.4,1360.0,True
2022-06-10,S3_SHORT_STRADDLE,16200,547.7,19.579999923706055,425.6,273.9,-657.24,-16431.0,False
2022-06-13,S3_SHORT_STRADDLE,15750,609.79,22.3700008392334,17.9,304.9,304.89,7622.0,True
2022-06-14,S3_SHORT_STRADDLE,15750,593.96,21.889999389648438,57.8,297.0,296.98,7424.0,True
2022-06-15,S3_SHORT_STRADDLE,15700,599.59,22.149999618530273,339.4,299.8,59.96,1499.0,True
2022-06-16,S3_SHORT_STRADDLE,15350,606.42,22.8700008392334,56.5,303.2,303.21,7580.0,True
2022-06-17,S3_SHORT_STRADDLE,15300,600.44,22.760000228881836,50.2,300.2,300.22,7506.0,True
2022-06-20,S3_SHORT_STRADDLE,15350,593.56,22.40999984741211,288.8,296.8,59.36,1484.0,True
2022-06-21,S3_SHORT_STRADDLE,15650,570.31,21.139999389648438,236.7,285.2,57.03,1426.0,True
2022-06-22,S3_SHORT_STRADDLE,15400,567.04,21.299999237060547,156.7,283.5,283.52,7088.0,True
2022-06-23,S3_SHORT_STRADDLE,15550,560.82,20.8799991607666,149.2,280.4,280.41,7010.0,True
2022-06-24,S3_SHORT_STRADDLE,15700,556.81,20.549999237060547,132.0,278.4,278.4,6960.0,True
2022-06-27,S3_SHORT_STRADDLE,15850,573.73,21.010000228881836,0.2,286.9,286.87,7172.0,True
2022-06-28,S3_SHORT_STRADDLE,15850,586.73,21.450000762939453,50.9,293.4,293.37,7334.0,True
2022-06-29,S3_SHORT_STRADDLE,15800,597.03,21.899999618530273,19.8,298.5,298.51,7463.0,True
2022-06-30,S3_SHORT_STRADDLE,15800,594.4,21.84000015258789,48.0,297.2,297.2,7430.0,True
2022-07-01,S3_SHORT_STRADDLE,15750,577.73,21.25,85.3,288.9,288.87,7222.0,True
2022-07-04,S3_SHORT_STRADDLE,15850,572.8,20.969999313354492,39.2,286.4,286.4,7160.0,True
2022-07-05,S3_SHORT_STRADDLE,15800,567.7,20.790000915527344,189.8,283.9,283.85,7096.0,True
2022-07-06,S3_SHORT_STRADDLE,16000,559.19,20.270000457763672,132.9,279.6,279.6,6990.0,True
2022-07-07,S3_SHORT_STRADDLE,16150,534.35,19.200000762939453,70.6,267.2,267.18,6680.0,True
2022-07-08,S3_SHORT_STRADDLE,16200,516.41,18.399999618530273,16.0,258.2,258.2,6455.0,True
2022-07-11,S3_SHORT_STRADDLE,16200,515.15,18.3700008392334,141.7,257.6,257.57,6439.0,True
2022-07-12,S3_SHORT_STRADDLE,16050,514.71,18.549999237060547,83.3,257.4,257.36,6434.0,True
2022-07-13,S3_SHORT_STRADDLE,15950,511.39,18.520000457763672,11.3,255.7,255.69,6392.0,True
2022-07-14,S3_SHORT_STRADDLE,15950,504.42,18.34000015258789,99.2,252.2,252.21,6305.0,True
2022-07-15,S3_SHORT_STRADDLE,16050,487.83,17.600000381469727,228.5,243.9,48.78,1220.0,True
2022-07-18,S3_SHORT_STRADDLE,16300,481.91,17.15999984741211,40.5,241.0,240.96,6024.0,True
2022-07-19,S3_SHORT_STRADDLE,16350,485.14,17.200000762939453,170.8,242.6,242.57,6064.0,True
2022-07-20,S3_SHORT_STRADDLE,16500,481.26,16.81999969482422,105.2,240.6,240.63,6016.0,True
2022-07-21,S3_SHORT_STRADDLE,16600,483.9,16.860000610351562,119.4,241.9,241.95,6049.0,True
2022-07-22,S3_SHORT_STRADDLE,16700,482.06,16.649999618530273,69.0,241.0,241.03,6026.0,True
2022-07-25,S3_SHORT_STRADDLE,16650,507.29,17.68000030517578,166.2,253.6,253.65,6341.0,True
2022-07-26,S3_SHORT_STRADDLE,16500,516.76,18.170000076293945,141.8,258.4,258.38,6460.0,True
2022-07-27,S3_SHORT_STRADDLE,16650,520.76,18.1299991607666,279.6,260.4,52.08,1302.0,True
2022-07-28,S3_SHORT_STRADDLE,16950,496.85,17.010000228881836,208.2,248.4,49.69,1242.0,True
2022-07-29,S3_SHORT_STRADDLE,17150,491.03,16.549999237060547,190.1,245.5,245.51,6138.0,True
2022-08-01,S3_SHORT_STRADDLE,17350,523.47,17.489999771118164,4.6,261.7,261.74,6544.0,True
2022-08-02,S3_SHORT_STRADDLE,17350,554.83,18.530000686645508,38.2,277.4,277.42,6936.0,True
2022-08-03,S3_SHORT_STRADDLE,17400,553.6,18.450000762939453,18.0,276.8,276.8,6920.0,True
2022-08-04,S3_SHORT_STRADDLE,17400,577.53,19.260000228881836,2.5,288.8,288.76,7219.0,True
2022-08-05,S3_SHORT_STRADDLE,17400,568.23,18.920000076293945,125.1,284.1,284.12,7103.0,True
2022-08-08,S3_SHORT_STRADDLE,17550,583.42,19.299999237060547,15.2,291.7,291.71,7293.0,True
2022-08-10,S3_SHORT_STRADDLE,17550,592.61,19.59000015258789,109.0,296.3,296.31,7408.0,True
2022-08-11,S3_SHORT_STRADDLE,17650,560.25,18.360000610351562,48.2,280.1,280.12,7003.0,True
2022-08-12,S3_SHORT_STRADDLE,17700,538.22,17.610000610351562,125.2,269.1,269.11,6728.0,True
2022-08-16,S3_SHORT_STRADDLE,17850,543.66,17.68000030517578,94.2,271.8,271.83,6796.0,True
2022-08-17,S3_SHORT_STRADDLE,17950,547.72,17.68000030517578,6.5,273.9,273.86,6846.0,True
2022-08-18,S3_SHORT_STRADDLE,17950,538.42,17.350000381469727,191.6,269.2,269.21,6730.0,True
2022-08-19,S3_SHORT_STRADDLE,17750,561.24,18.290000915527344,259.3,280.6,56.12,1403.0,True
2022-08-22,S3_SHORT_STRADDLE,17500,574.69,19.040000915527344,77.5,287.3,287.35,7184.0,True
2022-08-23,S3_SHORT_STRADDLE,17600,577.61,19.049999237060547,4.9,288.8,288.81,7220.0,True
2022-08-24,S3_SHORT_STRADDLE,17600,560.46,18.43000030517578,77.6,280.2,280.23,7006.0,True
2022-08-25,S3_SHORT_STRADDLE,17500,593.0,19.56999969482422,58.9,296.5,296.5,7412.0,True
2022-08-26,S3_SHORT_STRADDLE,17550,552.85,18.219999313354492,237.1,276.4,55.29,1382.0,True
2022-08-29,S3_SHORT_STRADDLE,17300,592.85,19.81999969482422,459.3,296.4,-711.42,-17786.0,False
2022-08-30,S3_SHORT_STRADDLE,17750,573.81,18.700000762939453,207.2,286.9,286.9,7172.0,True
2022-09-01,S3_SHORT_STRADDLE,17550,601.51,19.8700008392334,10.6,300.8,300.75,7519.0,True
2022-09-02,S3_SHORT_STRADDLE,17550,591.66,19.549999237060547,115.8,295.8,295.83,7396.0,True
2022-09-05,S3_SHORT_STRADDLE,17650,600.21,19.65999984741211,5.6,300.1,300.11,7503.0,True
2022-09-06,S3_SHORT_STRADDLE,17650,595.16,19.520000457763672,25.6,297.6,297.58,7440.0,True
2022-09-07,S3_SHORT_STRADDLE,17600,590.51,19.3700008392334,198.8,295.3,295.25,7381.0,True
2022-09-08,S3_SHORT_STRADDLE,17800,562.72,18.309999465942383,33.3,281.4,281.36,7034.0,True
2022-09-09,S3_SHORT_STRADDLE,17850,545.26,17.719999313354492,86.3,272.6,272.63,6816.0,True
2022-09-12,S3_SHORT_STRADDLE,17950,555.28,17.940000534057617,120.1,277.6,277.64,6941.0,True
2022-09-13,S3_SHORT_STRADDLE,18050,546.31,17.469999313354492,46.2,273.2,273.15,6829.0,True
2022-09-14,S3_SHORT_STRADDLE,18000,568.47,18.280000686645508,122.6,284.2,284.24,7106.0,True
2022-09-15,S3_SHORT_STRADDLE,17900,567.14,18.389999389648438,369.2,283.6,-680.57,-17014.0,False
2022-09-16,S3_SHORT_STRADDLE,17550,599.37,19.81999969482422,72.2,299.7,299.69,7492.0,True
2022-09-19,S3_SHORT_STRADDLE,17600,607.53,19.940000534057617,216.2,303.8,303.76,7594.0,True
2022-09-20,S3_SHORT_STRADDLE,17800,579.05,18.799999237060547,81.7,289.5,289.52,7238.0,True
2022-09-21,S3_SHORT_STRADDLE,17700,592.09,19.329999923706055,70.2,296.0,296.05,7401.0,True
2022-09-22,S3_SHORT_STRADDLE,17650,572.37,18.81999969482422,322.7,286.2,57.24,1431.0,True
2022-09-23,S3_SHORT_STRADDLE,17350,615.36,20.59000015258789,333.7,307.7,61.54,1538.0,True
2022-09-26,S3_SHORT_STRADDLE,17000,643.32,21.889999389648438,7.4,321.7,321.66,8042.0,True
2022-09-27,S3_SHORT_STRADDLE,17000,633.29,21.56999969482422,141.4,316.6,316.64,7916.0,True
2022-09-28,S3_SHORT_STRADDLE,16850,643.15,22.100000381469727,31.9,321.6,321.57,8039.0,True
2022-09-29,S3_SHORT_STRADDLE,16800,618.88,21.299999237060547,294.3,309.4,61.89,1547.0,True
2022-09-30,S3_SHORT_STRADDLE,17100,589.11,19.969999313354492,212.7,294.6,294.56,7364.0,True
2022-10-03,S3_SHORT_STRADDLE,16900,622.52,21.3700008392334,374.3,311.3,-747.02,-18676.0,False
2022-10-04,S3_SHORT_STRADDLE,17250,584.73,19.56999969482422,81.8,292.4,292.37,7309.0,True
2022-10-06,S3_SHORT_STRADDLE,17350,577.65,19.31999969482422,35.3,288.8,288.82,7220.0,True
2022-10-07,S3_SHORT_STRADDLE,17300,562.99,18.809999465942383,59.0,281.5,281.5,7038.0,True
2022-10-10,S3_SHORT_STRADDLE,17250,583.7,19.6200008392334,266.4,291.9,58.37,1459.0,True
2022-10-11,S3_SHORT_STRADDLE,17000,600.28,20.489999771118164,123.6,300.1,300.14,7504.0,True
2022-10-12,S3_SHORT_STRADDLE,17100,597.5,20.18000030517578,85.7,298.8,298.75,7469.0,True
2022-10-13,S3_SHORT_STRADDLE,17000,596.43,20.290000915527344,185.7,298.2,298.21,7455.0,True
2022-10-14,S3_SHORT_STRADDLE,17200,541.48,18.260000228881836,111.8,270.7,270.74,6768.0,True
2022-10-17,S3_SHORT_STRADDLE,17300,551.16,18.420000076293945,186.9,275.6,275.58,6890.0,True
2022-10-18,S3_SHORT_STRADDLE,17500,526.62,17.450000762939453,12.2,263.3,263.31,6583.0,True
2022-10-19,S3_SHORT_STRADDLE,17500,529.62,17.489999771118164,63.9,264.8,264.81,6620.0,True
2022-10-20,S3_SHORT_STRADDLE,17550,523.45,17.229999542236328,26.3,261.7,261.73,6543.0,True
2022-10-21,S3_SHORT_STRADDLE,17600,523.96,17.280000686645508,130.8,262.0,261.98,6550.0,True
2022-10-24,S3_SHORT_STRADDLE,17750,532.92,17.420000076293945,93.7,266.5,266.46,6661.0,True
2022-10-25,S3_SHORT_STRADDLE,17650,515.17,16.8799991607666,86.9,257.6,257.58,6440.0,True
2022-10-27,S3_SHORT_STRADDLE,17750,508.21,16.600000381469727,36.8,254.1,254.1,6352.0,True
2022-10-28,S3_SHORT_STRADDLE,17800,488.82,15.920000076293945,212.2,244.4,48.88,1222.0,True
2022-10-31,S3_SHORT_STRADDLE,18000,492.52,15.800000190734863,145.4,246.3,246.26,6156.0,True
2022-11-01,S3_SHORT_STRADDLE,18150,505.55,16.1299991607666,67.2,252.8,252.78,6320.0,True
2022-11-02,S3_SHORT_STRADDLE,18100,519.89,16.65999984741211,47.3,259.9,259.94,6498.0,True
2022-11-03,S3_SHORT_STRADDLE,18050,497.41,15.9399995803833,67.2,248.7,248.71,6218.0,True
2022-11-04,S3_SHORT_STRADDLE,18100,491.38,15.65999984741211,102.8,245.7,245.69,6142.0,True
2022-11-07,S3_SHORT_STRADDLE,18200,490.61,15.59000015258789,43.0,245.3,245.31,6133.0,True
2022-11-09,S3_SHORT_STRADDLE,18150,499.89,15.920000076293945,121.8,249.9,249.94,6248.0,True
2022-11-10,S3_SHORT_STRADDLE,18050,484.37,15.569999694824219,299.7,242.2,-581.24,-14531.0,False
2022-11-11,S3_SHORT_STRADDLE,18350,457.24,14.40999984741211,20.8,228.6,228.62,5716.0,True
2022-11-14,S3_SHORT_STRADDLE,18350,471.66,14.90999984741211,53.4,235.8,235.83,5896.0,True
2022-11-15,S3_SHORT_STRADDLE,18400,466.05,14.640000343322754,9.7,233.0,233.03,5826.0,True
2022-11-16,S3_SHORT_STRADDLE,18400,481.12,15.100000381469727,56.1,240.6,240.56,6014.0,True
2022-11-17,S3_SHORT_STRADDLE,18350,471.61,14.880000114440918,42.3,235.8,235.81,5895.0,True
2022-11-18,S3_SHORT_STRADDLE,18300,456.04,14.390000343322754,140.1,228.0,228.02,5700.0,True
2022-11-21,S3_SHORT_STRADDLE,18150,465.28,14.800000190734863,94.2,232.6,232.64,5816.0,True
2022-11-22,S3_SHORT_STRADDLE,18250,436.46,13.84000015258789,17.2,218.2,218.23,5456.0,True
2022-11-23,S3_SHORT_STRADDLE,18250,444.81,14.039999961853027,234.1,222.4,44.48,1112.0,True
2022-11-24,S3_SHORT_STRADDLE,18500,430.31,13.479999542236328,12.8,215.2,215.16,5379.0,True
2022-11-25,S3_SHORT_STRADDLE,18500,427.92,13.329999923706055,62.8,214.0,213.96,5349.0,True
2022-11-28,S3_SHORT_STRADDLE,18550,436.69,13.569999694824219,68.1,218.3,218.34,5458.0,True
2022-11-29,S3_SHORT_STRADDLE,18600,440.02,13.619999885559082,158.3,220.0,220.01,5500.0,True
2022-11-30,S3_SHORT_STRADDLE,18750,448.66,13.8100004196167,62.5,224.3,224.33,5608.0,True
2022-12-01,S3_SHORT_STRADDLE,18800,435.78,13.359999656677246,103.9,217.9,217.89,5447.0,True
2022-12-02,S3_SHORT_STRADDLE,18700,434.86,13.449999809265137,1.1,217.4,217.43,5436.0,True
2022-12-05,S3_SHORT_STRADDLE,18700,444.25,13.729999542236328,57.2,222.1,222.12,5553.0,True
2022-12-06,S3_SHORT_STRADDLE,18650,452.33,14.039999961853027,89.5,226.2,226.16,5654.0,True
2022-12-07,S3_SHORT_STRADDLE,18550,452.68,14.079999923706055,59.3,226.3,226.34,5658.0,True
2022-12-08,S3_SHORT_STRADDLE,18600,432.11,13.399999618530273,103.4,216.1,216.06,5402.0,True
2022-12-09,S3_SHORT_STRADDLE,18500,431.19,13.479999542236328,2.8,215.6,215.59,5390.0,True
2022-12-12,S3_SHORT_STRADDLE,18500,426.16,13.319999694824219,108.0,213.1,213.08,5327.0,True
2022-12-15,S3_SHORT_STRADDLE,18400,438.44,13.729999542236328,131.0,219.2,219.22,5480.0,True
2022-12-16,S3_SHORT_STRADDLE,18250,445.93,14.069999694824219,170.4,223.0,222.97,5574.0,True
2022-12-19,S3_SHORT_STRADDLE,18400,433.38,13.550000190734863,14.7,216.7,216.69,5417.0,True
2022-12-20,S3_SHORT_STRADDLE,18400,437.54,13.779999732971191,200.9,218.8,43.75,1094.0,True
2022-12-21,S3_SHORT_STRADDLE,18200,489.39,15.5600004196167,72.7,244.7,244.69,6117.0,True
2022-12-22,S3_SHORT_STRADDLE,18150,475.16,15.1899995803833,343.2,237.6,-570.19,-14255.0,False
2022-12-23,S3_SHORT_STRADDLE,17800,497.58,16.15999984741211,332.3,248.8,-597.1,-14928.0,False
2022-12-27,S3_SHORT_STRADDLE,18150,478.53,15.289999961853027,27.5,239.3,239.26,5982.0,True
2022-12-28,S3_SHORT_STRADDLE,18100,483.86,15.399999618530273,91.0,241.9,241.93,6048.0,True
2022-12-29,S3_SHORT_STRADDLE,18200,465.36,14.8100004196167,94.7,232.7,232.68,5817.0,True
2022-12-30,S3_SHORT_STRADDLE,18100,465.76,14.869999885559082,97.4,232.9,232.88,5822.0,True
2023-01-02,S3_SHORT_STRADDLE,18200,462.07,14.6899995803833,32.6,231.0,231.03,5776.0,True
2023-01-03,S3_SHORT_STRADDLE,18250,452.94,14.390000343322754,207.1,226.5,45.29,1132.0,True
2023-01-04,S3_SHORT_STRADDLE,18050,473.75,15.199999809265137,57.8,236.9,236.88,5922.0,True
2023-01-05,S3_SHORT_STRADDLE,18000,465.58,14.979999542236328,140.6,232.8,232.79,5820.0,True
2023-01-06,S3_SHORT_STRADDLE,17850,464.6,15.029999732971191,251.2,232.3,46.46,1162.0,True
2023-01-09,S3_SHORT_STRADDLE,18100,458.58,14.649999618530273,185.8,229.3,45.86,1146.0,True
2023-01-10,S3_SHORT_STRADDLE,17900,481.07,15.510000228881836,4.3,240.5,240.53,6013.0,True
2023-01-11,S3_SHORT_STRADDLE,17900,477.38,15.4399995803833,41.8,238.7,238.69,5967.0,True
2023-01-12,S3_SHORT_STRADDLE,17850,472.14,15.279999732971191,106.6,236.1,236.07,5902.0,True
2023-01-13,S3_SHORT_STRADDLE,17950,449.39,14.460000038146973,55.2,224.7,224.69,5617.0,True
2023-01-16,S3_SHORT_STRADDLE,17900,464.4,15.020000457763672,153.3,232.2,232.2,5805.0,True
2023-01-17,S3_SHORT_STRADDLE,18050,455.63,14.59000015258789,115.3,227.8,227.81,5695.0,True
2023-01-18,S3_SHORT_STRADDLE,18150,452.44,14.369999885559082,42.2,226.2,226.22,5656.0,True
2023-01-19,S3_SHORT_STRADDLE,18100,437.74,13.960000038146973,72.3,218.9,218.87,5472.0,True
2023-01-20,S3_SHORT_STRADDLE,18050,429.09,13.789999961853027,68.6,214.5,214.54,5364.0,True
2023-01-23,S3_SHORT_STRADDLE,18100,428.3,13.619999885559082,18.3,214.2,214.15,5354.0,True
2023-01-24,S3_SHORT_STRADDLE,18100,429.51,13.65999984741211,208.1,214.8,42.95,1074.0,True
2023-01-25,S3_SHORT_STRADDLE,17900,453.13,14.65999984741211,295.7,226.6,-543.76,-13594.0,False
2023-01-27,S3_SHORT_STRADDLE,17600,526.86,17.31999969482422,48.9,263.4,263.43,6586.0,True
2023-01-30,S3_SHORT_STRADDLE,17650,539.78,17.709999084472656,12.2,269.9,269.89,6747.0,True
2023-01-31,S3_SHORT_STRADDLE,17650,515.66,16.8799991607666,33.7,257.8,257.83,6446.0,True
2023-02-01,S3_SHORT_STRADDLE,17600,511.56,16.780000686645508,10.4,255.8,255.78,6394.0,True
2023-02-02,S3_SHORT_STRADDLE,17600,479.32,15.729999542236328,254.1,239.7,47.93,1198.0,True
2023-02-03,S3_SHORT_STRADDLE,17850,444.83,14.399999618530273,85.4,222.4,222.41,5560.0,True
2023-02-06,S3_SHORT_STRADDLE,17750,452.15,14.6899995803833,28.5,226.1,226.07,5652.0,True
2023-02-07,S3_SHORT_STRADDLE,17700,434.65,14.130000114440918,171.7,217.3,217.32,5433.0,True
2023-02-08,S3_SHORT_STRADDLE,17850,422.17,13.600000381469727,43.4,211.1,211.09,5277.0,True
2023-02-09,S3_SHORT_STRADDLE,17900,403.43,13.039999961853027,43.5,201.7,201.72,5043.0,True
2023-02-13,S3_SHORT_STRADDLE,17750,422.15,13.680000305175781,179.8,211.1,42.22,1056.0,True
2023-02-14,S3_SHORT_STRADDLE,17950,416.32,13.449999809265137,65.8,208.2,208.16,5204.0,True
2023-02-17,S3_SHORT_STRADDLE,17950,406.16,13.09000015258789,105.4,203.1,203.08,5077.0,True
2023-02-20,S3_SHORT_STRADDLE,17850,412.81,13.380000114440918,23.3,206.4,206.41,5160.0,True
2023-02-21,S3_SHORT_STRADDLE,17850,431.03,14.010000228881836,295.7,215.5,-517.24,-12931.0,False
2023-02-22,S3_SHORT_STRADDLE,17550,473.22,15.59000015258789,38.8,236.6,236.61,5915.0,True
2023-02-23,S3_SHORT_STRADDLE,17500,457.18,15.079999923706055,34.2,228.6,228.59,5715.0,True
2023-02-24,S3_SHORT_STRADDLE,17450,429.72,14.1899995803833,57.3,214.9,214.86,5372.0,True
2023-02-27,S3_SHORT_STRADDLE,17400,417.2,13.880000114440918,96.1,208.6,208.6,5215.0,True
2023-02-28,S3_SHORT_STRADDLE,17300,419.85,14.020000457763672,150.9,209.9,209.93,5248.0,True
2023-03-01,S3_SHORT_STRADDLE,17450,392.69,13.0,128.1,196.3,196.34,4908.0,True
2023-03-10,S3_SHORT_STRADDLE,17400,404.95,13.40999984741211,245.7,202.5,-485.94,-12148.0,False
2023-03-13,S3_SHORT_STRADDLE,17150,480.99,16.219999313354492,106.7,240.5,240.5,6012.0,True
2023-03-14,S3_SHORT_STRADDLE,17050,477.39,16.219999313354492,77.8,238.7,238.69,5967.0,True
2023-03-15,S3_SHORT_STRADDLE,16950,479.36,16.299999237060547,35.6,239.7,239.68,5992.0,True
2023-03-16,S3_SHORT_STRADDLE,17000,475.52,16.219999313354492,100.1,237.8,237.76,5944.0,True
2023-03-17,S3_SHORT_STRADDLE,17100,436.68,14.770000457763672,111.6,218.3,218.34,5458.0,True
2023-03-20,S3_SHORT_STRADDLE,17000,469.54,16.010000228881836,107.5,234.8,234.77,5869.0,True
2023-03-21,S3_SHORT_STRADDLE,17100,446.41,15.079999923706055,51.9,223.2,223.21,5580.0,True
2023-03-22,S3_SHORT_STRADDLE,17150,439.29,14.8100004196167,73.1,219.6,219.65,5491.0,True
2023-03-23,S3_SHORT_STRADDLE,17100,427.0,14.489999771118164,154.9,213.5,213.5,5338.0,True
2023-03-24,S3_SHORT_STRADDLE,16950,446.16,15.239999771118164,35.7,223.1,223.08,5577.0,True
2023-03-27,S3_SHORT_STRADDLE,17000,453.02,15.449999809265137,48.3,226.5,226.51,5663.0,True
2023-03-28,S3_SHORT_STRADDLE,16950,442.59,15.100000381469727,130.7,221.3,221.29,5532.0,True
2023-03-29,S3_SHORT_STRADDLE,17100,401.9,13.630000114440918,259.8,200.9,-482.28,-12057.0,False
2023-05-10,S3_SHORT_STRADDLE,18300,415.73,13.079999923706055,3.0,207.9,207.87,5197.0,True
2023-05-11,S3_SHORT_STRADDLE,18300,418.4,13.220000267028809,14.8,209.2,209.2,5230.0,True
2023-05-15,S3_SHORT_STRADDLE,18400,419.26,13.170000076293945,113.5,209.6,209.63,5241.0,True
2023-05-16,S3_SHORT_STRADDLE,18300,419.83,13.289999961853027,118.2,209.9,209.91,5248.0,True
2023-05-17,S3_SHORT_STRADDLE,18200,411.6,13.109999656677246,70.1,205.8,205.8,5145.0,True
2023-05-24,S3_SHORT_STRADDLE,18300,414.1,13.109999656677246,21.2,207.1,207.05,5176.0,True
2023-12-05,S3_SHORT_STRADDLE,20850,486.01,13.460000038146973,87.7,243.0,243.0,6075.0,True
2023-12-06,S3_SHORT_STRADDLE,20950,497.03,13.739999771118164,48.8,248.5,248.51,6213.0,True
2023-12-15,S3_SHORT_STRADDLE,21450,488.0,13.130000114440918,31.3,244.0,244.0,6100.0,True
2023-12-18,S3_SHORT_STRADDLE,21400,516.29,13.899999618530273,53.1,258.1,258.14,6454.0,True
2023-12-19,S3_SHORT_STRADDLE,21450,514.89,13.869999885559082,299.8,257.4,51.49,1287.0,True
2023-12-20,S3_SHORT_STRADDLE,21150,528.5,14.449999809265137,105.1,264.2,264.25,6606.0,True
2023-12-21,S3_SHORT_STRADDLE,21250,506.26,13.760000228881836,99.4,253.1,253.13,6328.0,True
2023-12-22,S3_SHORT_STRADDLE,21350,506.32,13.710000038146973,91.3,253.2,253.16,6329.0,True
2023-12-26,S3_SHORT_STRADDLE,21450,543.8,14.680000305175781,204.8,271.9,271.9,6797.0,True
2023-12-27,S3_SHORT_STRADDLE,21650,582.62,15.5600004196167,128.7,291.3,291.31,7283.0,True
2023-12-28,S3_SHORT_STRADDLE,21800,569.14,15.140000343322754,68.6,284.6,284.57,7114.0,True
2023-12-29,S3_SHORT_STRADDLE,21750,544.05,14.5,84.2,272.0,272.02,6800.0,True
2024-01-02,S3_SHORT_STRADDLE,21650,547.22,14.579999923706055,132.7,273.6,273.61,6840.0,True
2024-01-03,S3_SHORT_STRADDLE,21500,525.92,14.100000381469727,158.6,263.0,262.96,6574.0,True
2024-01-04,S3_SHORT_STRADDLE,21650,500.15,13.329999923706055,60.8,250.1,250.07,6252.0,True
2024-01-08,S3_SHORT_STRADDLE,21500,501.91,13.460000038146973,44.8,251.0,250.96,6274.0,True
2024-01-09,S3_SHORT_STRADDLE,21550,494.05,13.260000228881836,68.7,247.0,247.03,6176.0,True
2024-01-12,S3_SHORT_STRADDLE,21900,496.04,13.100000381469727,197.4,248.0,248.02,6200.0,True
2024-01-15,S3_SHORT_STRADDLE,22100,526.98,13.789999961853027,67.7,263.5,263.49,6587.0,True
2024-01-16,S3_SHORT_STRADDLE,22050,516.38,13.569999694824219,478.1,258.2,-619.66,-15492.0,False
2024-01-17,S3_SHORT_STRADDLE,21550,563.78,15.079999923706055,87.8,281.9,281.89,7047.0,True
2024-01-18,S3_SHORT_STRADDLE,21450,523.09,14.069999694824219,172.4,261.5,261.55,6539.0,True
2024-01-19,S3_SHORT_STRADDLE,21600,520.76,13.880000114440918,361.2,260.4,-624.91,-15623.0,False
2024-01-23,S3_SHORT_STRADDLE,21250,544.76,14.850000381469727,203.9,272.4,272.38,6810.0,True
2024-01-24,S3_SHORT_STRADDLE,21450,533.73,14.380000114440918,97.4,266.9,266.87,6672.0,True
2024-01-25,S3_SHORT_STRADDLE,21350,512.45,13.869999885559082,387.6,256.2,-614.94,-15374.0,False
2024-01-29,S3_SHORT_STRADDLE,21750,588.55,15.680000305175781,227.9,294.3,294.27,7357.0,True
2024-01-30,S3_SHORT_STRADDLE,21500,600.06,16.100000381469727,225.7,300.0,300.03,7501.0,True
2024-01-31,S3_SHORT_STRADDLE,21750,601.72,16.049999237060547,52.6,300.9,300.86,7522.0,True
2024-02-01,S3_SHORT_STRADDLE,21700,542.4,14.460000038146973,153.8,271.2,271.2,6780.0,True
2024-02-02,S3_SHORT_STRADDLE,21850,555.66,14.699999809265137,78.3,277.8,277.83,6946.0,True
2024-02-05,S3_SHORT_STRADDLE,21750,589.08,15.619999885559082,179.4,294.5,294.54,7364.0,True
2024-02-06,S3_SHORT_STRADDLE,21950,597.64,15.789999961853027,19.5,298.8,298.82,7470.0,True
2024-02-07,S3_SHORT_STRADDLE,21950,587.13,15.510000228881836,232.1,293.6,293.56,7339.0,True
2024-02-08,S3_SHORT_STRADDLE,21700,595.18,15.829999923706055,82.5,297.6,297.59,7440.0,True
2024-02-09,S3_SHORT_STRADDLE,21800,580.97,15.449999809265137,183.9,290.5,290.49,7262.0,True
2024-02-12,S3_SHORT_STRADDLE,21600,600.78,16.059999465942383,143.2,300.4,300.39,7510.0,True
2024-02-13,S3_SHORT_STRADDLE,21750,593.78,15.8100004196167,90.1,296.9,296.89,7422.0,True
2024-02-14,S3_SHORT_STRADDLE,21850,582.4,15.4399995803833,60.8,291.2,291.2,7280.0,True
2024-02-15,S3_SHORT_STRADDLE,21900,577.45,15.229999542236328,140.7,288.7,288.73,7218.0,True
2024-02-16,S3_SHORT_STRADDLE,22050,579.45,15.220000267028809,146.9,289.7,289.73,7243.0,True
2024-02-20,S3_SHORT_STRADDLE,22200,616.25,16.06999969482422,144.9,308.1,308.12,7703.0,True
2024-02-21,S3_SHORT_STRADDLE,22050,607.4,15.930000305175781,167.4,303.7,303.7,7592.0,True
2024-02-22,S3_SHORT_STRADDLE,22200,584.83,15.199999809265137,12.7,292.4,292.42,7310.0,True
2024-02-23,S3_SHORT_STRADDLE,22200,575.63,14.970000267028809,77.9,287.8,287.81,7195.0,True
2024-02-26,S3_SHORT_STRADDLE,22100,597.8,15.600000381469727,98.3,298.9,298.9,7472.0,True
2024-02-27,S3_SHORT_STRADDLE,22200,603.39,15.729999542236328,248.8,301.7,60.34,1508.0,True
2024-02-28,S3_SHORT_STRADDLE,21950,619.42,16.329999923706055,32.8,309.7,309.71,7743.0,True
2024-02-29,S3_SHORT_STRADDLE,22000,590.87,15.569999694824219,338.8,295.4,59.09,1477.0,True
2024-03-01,S3_SHORT_STRADDLE,22350,587.98,15.239999771118164,55.6,294.0,293.99,7350.0,True
2024-03-04,S3_SHORT_STRADDLE,22400,578.25,14.920000076293945,43.7,289.1,289.12,7228.0,True
2024-03-05,S3_SHORT_STRADDLE,22350,556.32,14.380000114440918,124.1,278.2,278.16,6954.0,True
2024-03-06,S3_SHORT_STRADDLE,22450,557.47,14.300000190734863,43.6,278.7,278.74,6968.0,True
2024-03-07,S3_SHORT_STRADDLE,22500,529.27,13.609999656677246,167.3,264.6,264.63,6616.0,True
2024-03-11,S3_SHORT_STRADDLE,22350,539.96,14.0,14.3,270.0,269.98,6750.0,True
2024-03-12,S3_SHORT_STRADDLE,22350,526.32,13.640000343322754,352.3,263.2,-631.58,-15790.0,False
2024-03-13,S3_SHORT_STRADDLE,22000,548.79,14.430000305175781,146.7,274.4,274.39,6860.0,True
2024-03-14,S3_SHORT_STRADDLE,22150,521.65,13.619999885559082,126.7,260.8,260.82,6520.0,True
2024-03-15,S3_SHORT_STRADDLE,22000,523.31,13.6899995803833,55.7,261.7,261.65,6541.0,True
2024-03-18,S3_SHORT_STRADDLE,22050,530.65,13.899999618530273,232.6,265.3,53.06,1326.0,True
2024-03-19,S3_SHORT_STRADDLE,21800,533.61,14.109999656677246,39.1,266.8,266.81,6670.0,True
2024-03-20,S3_SHORT_STRADDLE,21850,508.38,13.470000267028809,161.9,254.2,254.19,6355.0,True
2024-04-18,S3_SHORT_STRADDLE,22000,496.15,13.039999961853027,147.0,248.1,248.07,6202.0,True
2024-04-19,S3_SHORT_STRADDLE,22150,515.59,13.460000038146973,186.4,257.8,257.8,6445.0,True
2024-05-02,S3_SHORT_STRADDLE,22650,526.95,13.449999809265137,174.2,263.5,263.48,6587.0,True
2024-05-03,S3_SHORT_STRADDLE,22500,567.18,14.619999885559082,57.3,283.6,283.59,7090.0,True
2024-05-06,S3_SHORT_STRADDLE,22450,643.35,16.600000381469727,147.5,321.7,321.68,8042.0,True
2024-05-07,S3_SHORT_STRADDLE,22300,655.45,17.010000228881836,2.5,327.7,327.73,8193.0,True
2024-05-08,S3_SHORT_STRADDLE,22300,658.13,17.079999923706055,342.5,329.1,65.81,1645.0,True
2024-05-09,S3_SHORT_STRADDLE,21950,690.42,18.200000762939453,105.2,345.2,345.21,8630.0,True
2024-05-10,S3_SHORT_STRADDLE,22050,703.61,18.469999313354492,54.1,351.8,351.81,8795.0,True
2024-05-13,S3_SHORT_STRADDLE,22100,786.04,20.600000381469727,117.8,393.0,393.02,9826.0,True
2024-05-14,S3_SHORT_STRADDLE,22200,775.36,20.200000762939453,0.6,387.7,387.68,9692.0,True
2024-05-15,S3_SHORT_STRADDLE,22200,776.76,20.270000457763672,203.8,388.4,388.38,9710.0,True
2024-05-16,S3_SHORT_STRADDLE,22400,773.58,20.0,66.1,386.8,386.79,9670.0,True
2024-05-17,S3_SHORT_STRADDLE,22450,768.51,19.799999237060547,79.1,384.3,384.25,9606.0,True
2024-05-21,S3_SHORT_STRADDLE,22550,847.51,21.809999465942383,47.8,423.8,423.75,10594.0,True
2024-05-22,S3_SHORT_STRADDLE,22600,837.21,21.469999313354492,367.7,418.6,83.72,2093.0,True
2024-05-23,S3_SHORT_STRADDLE,22950,848.02,21.3799991607666,7.1,424.0,424.01,10600.0,True
2024-05-24,S3_SHORT_STRADDLE,22950,860.26,21.709999084472656,17.6,430.1,430.13,10753.0,True
2024-05-27,S3_SHORT_STRADDLE,22950,917.22,23.190000534057617,61.8,458.6,458.61,11465.0,True
2024-05-28,S3_SHORT_STRADDLE,22900,955.31,24.200000762939453,195.3,477.7,477.65,11941.0,True
2024-05-29,S3_SHORT_STRADDLE,22700,947.16,24.18000030517578,211.3,473.6,473.58,11840.0,True
2024-05-30,S3_SHORT_STRADDLE,22500,937.87,24.18000030517578,30.7,468.9,468.94,11724.0,True
2024-05-31,S3_SHORT_STRADDLE,22550,955.84,24.600000381469727,713.9,477.9,-1147.01,-28675.0,False
2024-06-03,S3_SHORT_STRADDLE,23250,841.22,20.940000534057617,1365.5,420.6,-1009.46,-25236.0,False
2024-06-04,S3_SHORT_STRADDLE,21900,1009.47,26.75,720.3,504.7,-1211.36,-30284.0,False
2024-06-05,S3_SHORT_STRADDLE,22600,738.67,18.889999389648438,221.4,369.3,369.33,9233.0,True
2024-06-06,S3_SHORT_STRADDLE,22800,663.51,16.799999237060547,490.2,331.8,-796.21,-19905.0,False
2024-06-07,S3_SHORT_STRADDLE,23300,678.77,16.8799991607666,40.8,339.4,339.38,8484.0,True
2024-06-10,S3_SHORT_STRADDLE,23250,659.54,16.399999618530273,14.8,329.8,329.77,8244.0,True
2024-06-11,S3_SHORT_STRADDLE,23250,595.03,14.770000457763672,72.9,297.5,297.51,7438.0,True
2024-06-12,S3_SHORT_STRADDLE,23300,581.95,14.390000343322754,98.9,291.0,290.98,7274.0,True
2024-06-13,S3_SHORT_STRADDLE,23400,546.06,13.489999771118164,65.6,273.0,273.03,6826.0,True
2024-06-19,S3_SHORT_STRADDLE,23500,558.84,13.710000038146973,67.0,279.4,279.42,6986.0,True
2024-06-20,S3_SHORT_STRADDLE,23550,545.62,13.350000381469727,48.9,272.8,272.81,6820.0,True
2024-06-21,S3_SHORT_STRADDLE,23500,536.09,13.180000305175781,37.8,268.0,268.05,6701.0,True
2024-06-24,S3_SHORT_STRADDLE,23550,571.77,14.0600004196167,171.3,285.9,285.88,7147.0,True
2024-06-25,S3_SHORT_STRADDLE,23700,588.48,14.3100004196167,168.8,294.2,294.24,7356.0,True
2024-06-26,S3_SHORT_STRADDLE,23850,581.31,14.050000190734863,194.5,290.7,290.65,7266.0,True
2024-06-27,S3_SHORT_STRADDLE,24050,588.13,14.149999618530273,39.4,294.1,294.06,7352.0,True
2024-06-28,S3_SHORT_STRADDLE,24000,573.87,13.800000190734863,141.9,286.9,286.94,7174.0,True
2024-07-01,S3_SHORT_STRADDLE,24150,577.12,13.829999923706055,26.2,288.6,288.56,7214.0,True
2024-07-02,S3_SHORT_STRADDLE,24100,571.01,13.640000343322754,186.5,285.5,285.5,7138.0,True
2024-07-03,S3_SHORT_STRADDLE,24300,554.43,13.210000038146973,2.2,277.2,277.21,6930.0,True
2024-07-08,S3_SHORT_STRADDLE,24300,573.71,13.600000381469727,133.2,286.9,286.86,7172.0,True
2024-07-09,S3_SHORT_STRADDLE,24450,602.59,14.279999732971191,125.6,301.3,301.3,7532.0,True
2024-07-10,S3_SHORT_STRADDLE,24300,608.64,14.430000305175781,15.9,304.3,304.32,7608.0,True
2024-07-11,S3_SHORT_STRADDLE,24300,589.88,14.0,202.2,294.9,294.94,7374.0,True
2024-07-12,S3_SHORT_STRADDLE,24500,582.1,13.729999542236328,86.7,291.1,291.05,7276.0,True
2024-07-15,S3_SHORT_STRADDLE,24600,602.72,14.1899995803833,13.0,301.4,301.36,7534.0,True
2024-07-16,S3_SHORT_STRADDLE,24600,606.13,14.220000267028809,200.8,303.1,303.06,7576.0,True
2024-07-18,S3_SHORT_STRADDLE,24800,622.31,14.510000228881836,269.1,311.2,62.23,1556.0,True
2024-07-19,S3_SHORT_STRADDLE,24550,628.13,14.829999923706055,40.8,314.1,314.06,7852.0,True
2024-07-22,S3_SHORT_STRADDLE,24500,654.59,15.4399995803833,20.9,327.3,327.3,8182.0,True
2024-07-31,S3_SHORT_STRADDLE,24950,572.16,13.25,60.9,286.1,286.08,7152.0,True
2024-08-02,S3_SHORT_STRADDLE,24700,613.27,14.319999694824219,644.4,306.6,-735.92,-18398.0,False
2024-08-05,S3_SHORT_STRADDLE,24050,845.96,20.3700008392334,57.4,423.0,422.98,10574.0,True
2024-08-06,S3_SHORT_STRADDLE,24000,776.08,18.739999771118164,297.5,388.0,388.04,9701.0,True
2024-08-07,S3_SHORT_STRADDLE,24300,678.78,16.170000076293945,183.0,339.4,339.39,8485.0,True
2024-08-08,S3_SHORT_STRADDLE,24100,692.56,16.600000381469727,267.5,346.3,346.28,8657.0,True
2024-08-09,S3_SHORT_STRADDLE,24350,647.16,15.34000015258789,3.0,323.6,323.58,8090.0,True
2024-08-12,S3_SHORT_STRADDLE,24350,667.59,15.869999885559082,211.0,333.8,333.8,8345.0,True
2024-08-13,S3_SHORT_STRADDLE,24150,674.01,16.170000076293945,6.2,337.0,337.0,8425.0,True
2024-08-14,S3_SHORT_STRADDLE,24150,644.03,15.4399995803833,391.2,322.0,-772.84,-19321.0,False
2024-08-16,S3_SHORT_STRADDLE,24550,610.66,14.399999618530273,22.7,305.3,305.33,7633.0,True
2024-08-19,S3_SHORT_STRADDLE,24550,610.07,14.319999694824219,148.8,305.0,305.04,7626.0,True
2024-08-20,S3_SHORT_STRADDLE,24700,590.39,13.819999694824219,70.2,295.2,295.19,7380.0,True
2024-08-21,S3_SHORT_STRADDLE,24750,572.82,13.329999923706055,61.5,286.4,286.41,7160.0,True
2024-08-22,S3_SHORT_STRADDLE,24800,559.06,13.0,23.2,279.5,279.53,6988.0,True
2024-08-23,S3_SHORT_STRADDLE,24800,583.63,13.550000190734863,210.6,291.8,291.81,7295.0,True
2024-08-26,S3_SHORT_STRADDLE,25000,597.74,13.800000190734863,17.8,298.9,298.87,7472.0,True
2024-08-27,S3_SHORT_STRADDLE,25000,591.16,13.630000114440918,52.3,295.6,295.58,7390.0,True
2024-08-28,S3_SHORT_STRADDLE,25050,604.64,13.949999809265137,101.9,302.3,302.32,7558.0,True
2024-08-29,S3_SHORT_STRADDLE,25150,600.11,13.789999961853027,85.9,300.1,300.06,7502.0,True
2024-08-30,S3_SHORT_STRADDLE,25250,583.91,13.390000343322754,28.7,292.0,291.95,7299.0,True
2024-09-02,S3_SHORT_STRADDLE,25300,613.73,14.0600004196167,20.2,306.9,306.87,7672.0,True
2024-09-03,S3_SHORT_STRADDLE,25300,604.24,13.84000015258789,101.3,302.1,302.12,7553.0,True
2024-09-04,S3_SHORT_STRADDLE,25200,626.55,14.380000114440918,54.9,313.3,313.27,7832.0,True
2024-09-05,S3_SHORT_STRADDLE,25150,617.69,14.210000038146973,297.8,308.8,61.77,1544.0,True
2024-09-06,S3_SHORT_STRADDLE,24850,653.96,15.220000267028809,86.4,327.0,326.98,8174.0,True
2024-09-09,S3_SHORT_STRADDLE,24950,613.43,14.239999771118164,91.1,306.7,306.71,7668.0,True
2024-09-10,S3_SHORT_STRADDLE,25050,578.37,13.359999656677246,131.6,289.2,289.19,7230.0,True
2024-09-11,S3_SHORT_STRADDLE,24900,588.88,13.630000114440918,488.9,294.4,-706.66,-17666.0,False
2024-09-12,S3_SHORT_STRADDLE,25400,578.44,13.180000305175781,43.5,289.2,289.22,7231.0,True
2024-09-18,S3_SHORT_STRADDLE,25400,585.97,13.369999885559082,15.8,293.0,292.99,7325.0,True
2024-09-23,S3_SHORT_STRADDLE,25950,618.18,13.789999961853027,9.6,309.1,309.09,7727.0,True
2024-09-24,S3_SHORT_STRADDLE,25950,600.45,13.390000343322754,54.2,300.2,300.23,7506.0,True
2024-10-03,S3_SHORT_STRADDLE,25250,575.48,13.170000076293945,235.4,287.7,57.55,1439.0,True
2024-10-04,S3_SHORT_STRADDLE,25000,612.26,14.130000114440918,204.2,306.1,306.13,7653.0,True
2024-10-07,S3_SHORT_STRADDLE,24800,646.19,15.079999923706055,213.2,323.1,323.1,8078.0,True
2024-10-08,S3_SHORT_STRADDLE,25000,631.83,14.59000015258789,18.1,315.9,315.92,7898.0,True
2024-10-09,S3_SHORT_STRADDLE,25000,609.22,14.119999885559082,1.6,304.6,304.61,7615.0,True
2024-10-10,S3_SHORT_STRADDLE,25000,583.8,13.5,35.8,291.9,291.9,7297.0,True
2024-10-11,S3_SHORT_STRADDLE,24950,572.11,13.220000267028809,177.9,286.1,286.06,7152.0,True
2024-10-14,S3_SHORT_STRADDLE,25150,564.22,13.0,92.7,282.1,282.11,7053.0,True
2024-10-15,S3_SHORT_STRADDLE,25050,564.28,13.0,78.7,282.1,282.14,7054.0,True
2024-10-16,S3_SHORT_STRADDLE,24950,565.6,13.050000190734863,200.2,282.8,282.8,7070.0,True
2024-10-17,S3_SHORT_STRADDLE,24750,573.41,13.390000343322754,104.1,286.7,286.7,7168.0,True
2024-10-18,S3_SHORT_STRADDLE,24850,561.18,13.039999961853027,68.9,280.6,280.59,7015.0,True
2024-10-21,S3_SHORT_STRADDLE,24800,588.94,13.760000228881836,327.9,294.5,58.89,1472.0,True
2024-10-22,S3_SHORT_STRADDLE,24450,610.88,14.399999618530273,14.5,305.4,305.44,7636.0,True
2024-10-23,S3_SHORT_STRADDLE,24450,617.03,14.619999885559082,50.6,308.5,308.51,7713.0,True
2024-10-24,S3_SHORT_STRADDLE,24400,589.54,13.970000267028809,219.2,294.8,294.77,7369.0,True
2024-10-25,S3_SHORT_STRADDLE,24200,610.83,14.630000114440918,139.2,305.4,305.42,7636.0,True
2024-10-28,S3_SHORT_STRADDLE,24350,600.94,14.289999961853027,116.8,300.5,300.47,7512.0,True
2024-10-29,S3_SHORT_STRADDLE,24450,615.38,14.520000457763672,109.2,307.7,307.69,7692.0,True
2024-10-30,S3_SHORT_STRADDLE,24350,652.1,15.510000228881836,144.7,326.1,326.05,8151.0,True
2024-10-31,S3_SHORT_STRADDLE,24200,650.82,15.550000190734863,104.3,325.4,325.41,8135.0,True
2024-11-01,S3_SHORT_STRADDLE,24300,668.03,15.899999618530273,304.7,334.0,66.8,1670.0,True
2024-11-04,S3_SHORT_STRADDLE,24000,691.69,16.690000534057617,213.3,345.8,345.85,8646.0,True
2024-11-05,S3_SHORT_STRADDLE,24200,675.17,16.1200008392334,284.1,337.6,67.52,1688.0,True
2024-11-06,S3_SHORT_STRADDLE,24500,628.73,14.869999885559082,300.7,314.4,62.87,1572.0,True
2024-11-07,S3_SHORT_STRADDLE,24200,625.0,14.9399995803833,51.8,312.5,312.5,7812.0,True
2024-11-08,S3_SHORT_STRADDLE,24150,604.13,14.470000267028809,8.7,302.1,302.06,7552.0,True
2024-11-11,S3_SHORT_STRADDLE,24150,595.32,14.270000457763672,266.6,297.7,59.53,1488.0,True
2024-11-12,S3_SHORT_STRADDLE,23900,601.76,14.59000015258789,340.9,300.9,60.18,1504.0,True
2024-11-13,S3_SHORT_STRADDLE,23550,629.22,15.4399995803833,17.3,314.6,314.61,7865.0,True
2024-11-14,S3_SHORT_STRADDLE,23550,600.58,14.779999732971191,96.2,300.3,300.29,7507.0,True
2024-11-18,S3_SHORT_STRADDLE,23450,615.25,15.170000076293945,68.5,307.6,307.62,7690.0,True
2024-11-19,S3_SHORT_STRADDLE,23500,637.61,15.65999984741211,150.1,318.8,318.81,7970.0,True
2024-11-21,S3_SHORT_STRADDLE,23350,645.19,15.989999771118164,557.2,322.6,-774.23,-19356.0,False
2024-11-22,S3_SHORT_STRADDLE,23900,665.48,16.100000381469727,321.9,332.7,66.55,1664.0,True
2024-11-25,S3_SHORT_STRADDLE,24200,641.95,15.300000190734863,5.5,321.0,320.98,8024.0,True
2024-11-26,S3_SHORT_STRADDLE,24200,640.02,15.3100004196167,74.9,320.0,320.01,8000.0,True
2024-11-27,S3_SHORT_STRADDLE,24250,615.75,14.630000114440918,335.8,307.9,61.58,1540.0,True
2024-11-28,S3_SHORT_STRADDLE,23900,629.59,15.210000038146973,231.1,314.8,314.8,7870.0,True
2024-11-29,S3_SHORT_STRADDLE,24150,601.28,14.430000305175781,126.1,300.6,300.64,7516.0,True
2024-12-02,S3_SHORT_STRADDLE,24300,616.01,14.699999809265137,157.2,308.0,308.0,7700.0,True
2024-12-03,S3_SHORT_STRADDLE,24450,608.19,14.369999885559082,17.4,304.1,304.1,7603.0,True
2024-12-04,S3_SHORT_STRADDLE,24450,612.51,14.449999809265137,258.4,306.3,61.25,1531.0,True
2024-12-05,S3_SHORT_STRADDLE,24700,621.29,14.529999732971191,22.2,310.6,310.64,7766.0,True
2024-12-06,S3_SHORT_STRADDLE,24700,602.49,14.140000343322754,81.0,301.2,301.25,7531.0,True
2024-12-09,S3_SHORT_STRADDLE,24600,602.08,14.109999656677246,10.1,301.0,301.04,7526.0,True
2024-12-10,S3_SHORT_STRADDLE,24600,587.3,13.779999732971191,41.8,293.6,293.65,7341.0,True
2024-12-11,S3_SHORT_STRADDLE,24650,565.36,13.270000457763672,101.3,282.7,282.68,7067.0,True
2024-12-12,S3_SHORT_STRADDLE,24550,560.25,13.1899995803833,218.3,280.1,280.12,7003.0,True
2024-12-13,S3_SHORT_STRADDLE,24750,560.76,13.050000190734863,81.8,280.4,280.38,7010.0,True
2024-12-16,S3_SHORT_STRADDLE,24650,599.43,14.020000457763672,314.0,299.7,59.94,1498.0,True
2024-12-17,S3_SHORT_STRADDLE,24350,609.09,14.489999771118164,151.2,304.5,304.55,7614.0,True
2024-12-18,S3_SHORT_STRADDLE,24200,601.28,14.369999885559082,248.3,300.6,60.13,1503.0,True
2024-12-19,S3_SHORT_STRADDLE,23950,601.05,14.510000228881836,362.5,300.5,-721.26,-18032.0,False
2024-12-20,S3_SHORT_STRADDLE,23600,613.93,15.069999694824219,153.4,307.0,306.96,7674.0,True
2024-12-23,S3_SHORT_STRADDLE,23750,555.85,13.520000457763672,22.3,277.9,277.93,6948.0,True
2024-12-24,S3_SHORT_STRADDLE,23750,540.07,13.180000305175781,0.2,270.0,270.04,6751.0,True
2024-12-26,S3_SHORT_STRADDLE,23750,576.75,14.039999961853027,63.4,288.4,288.38,7210.0,True
2024-12-27,S3_SHORT_STRADDLE,23800,546.54,13.239999771118164,155.1,273.3,273.27,6832.0,True
2024-12-30,S3_SHORT_STRADDLE,23650,571.06,13.970000267028809,5.2,285.5,285.53,7138.0,True
2024-12-31,S3_SHORT_STRADDLE,23650,590.55,14.449999809265137,538.7,295.3,-708.66,-17716.0,False
2025-01-02,S3_SHORT_STRADDLE,24200,574.33,13.739999771118164,195.2,287.2,287.17,7179.0,True
2025-01-03,S3_SHORT_STRADDLE,24000,562.63,13.539999961853027,383.9,281.3,-675.16,-16879.0,False
2025-01-06,S3_SHORT_STRADDLE,23600,639.68,15.649999618530273,107.9,319.8,319.84,7996.0,True
2025-01-07,S3_SHORT_STRADDLE,23700,601.41,14.65999984741211,11.1,300.7,300.7,7518.0,True
2025-01-08,S3_SHORT_STRADDLE,23700,592.19,14.470000267028809,173.5,296.1,296.1,7403.0,True
2025-01-09,S3_SHORT_STRADDLE,23550,595.36,14.65999984741211,118.5,297.7,297.68,7442.0,True
2025-01-10,S3_SHORT_STRADDLE,23450,603.6,14.920000076293945,364.1,301.8,-724.32,-18108.0,False
2025-01-13,S3_SHORT_STRADDLE,23100,637.73,16.0,76.1,318.9,318.87,7972.0,True
2025-01-14,S3_SHORT_STRADDLE,23200,618.79,15.470000267028809,13.2,309.4,309.39,7735.0,True
2025-01-15,S3_SHORT_STRADDLE,23200,613.09,15.260000228881836,111.8,306.5,306.55,7664.0,True
2025-01-16,S3_SHORT_STRADDLE,23300,623.99,15.470000267028809,96.8,312.0,312.0,7800.0,True
2025-01-17,S3_SHORT_STRADDLE,23200,631.74,15.75,144.8,315.9,315.87,7897.0,True
2025-01-20,S3_SHORT_STRADDLE,23350,662.07,16.420000076293945,325.3,331.0,66.21,1655.0,True
2025-01-21,S3_SHORT_STRADDLE,23000,679.88,17.059999465942383,155.3,339.9,339.94,8498.0,True
2025-01-22,S3_SHORT_STRADDLE,23150,671.1,16.770000457763672,55.3,335.6,335.55,8389.0,True
2025-01-23,S3_SHORT_STRADDLE,23200,669.76,16.700000762939453,107.8,334.9,334.88,8372.0,True
2025-01-24,S3_SHORT_STRADDLE,23100,667.91,16.75,270.8,334.0,66.79,1670.0,True
2025-01-27,S3_SHORT_STRADDLE,22850,714.14,18.1299991607666,107.2,357.1,357.07,8927.0,True
2025-01-28,S3_SHORT_STRADDLE,22950,721.82,18.200000762939453,213.1,360.9,360.91,9023.0,True
2025-01-29,S3_SHORT_STRADDLE,23150,746.06,18.639999389648438,99.5,373.0,373.03,9326.0,True
2025-01-30,S3_SHORT_STRADDLE,23250,698.32,17.389999389648438,258.4,349.2,349.16,8729.0,True
2025-01-31,S3_SHORT_STRADDLE,23500,660.5,16.25,138.9,330.2,330.25,8256.0,True
2025-02-03,S3_SHORT_STRADDLE,23350,580.41,14.350000381469727,389.2,290.2,-696.49,-17412.0,False
2025-02-04,S3_SHORT_STRADDLE,23750,575.1,14.020000457763672,53.7,287.6,287.55,7189.0,True
2025-02-05,S3_SHORT_STRADDLE,23700,576.86,14.079999923706055,96.7,288.4,288.43,7211.0,True
2025-02-06,S3_SHORT_STRADDLE,23600,579.05,14.180000305175781,40.1,289.5,289.52,7238.0,True
2025-02-07,S3_SHORT_STRADDLE,23550,558.63,13.6899995803833,168.4,279.3,279.31,6983.0,True
2025-02-10,S3_SHORT_STRADDLE,23400,583.41,14.449999809265137,328.2,291.7,58.34,1458.0,True
2025-02-11,S3_SHORT_STRADDLE,23050,594.56,14.869999885559082,4.8,297.3,297.28,7432.0,True
2025-02-12,S3_SHORT_STRADDLE,23050,593.4,14.899999618530273,18.6,296.7,296.7,7418.0,True
2025-02-13,S3_SHORT_STRADDLE,23050,594.86,14.960000038146973,120.8,297.4,297.43,7436.0,True
2025-02-14,S3_SHORT_STRADDLE,22950,594.52,15.020000457763672,9.5,297.3,297.26,7432.0,True
2025-02-17,S3_SHORT_STRADDLE,22950,624.28,15.720000267028809,4.7,312.1,312.14,7804.0,True
2025-02-18,S3_SHORT_STRADDLE,22950,621.19,15.670000076293945,17.1,310.6,310.6,7765.0,True
2025-02-19,S3_SHORT_STRADDLE,22950,610.52,15.420000076293945,36.8,305.3,305.26,7632.0,True
2025-02-20,S3_SHORT_STRADDLE,22900,582.4,14.680000305175781,104.1,291.2,291.2,7280.0,True
2025-02-21,S3_SHORT_STRADDLE,22800,572.52,14.529999732971191,246.7,286.3,57.25,1431.0,True
2025-02-24,S3_SHORT_STRADDLE,22550,563.36,14.4399995803833,2.4,281.7,281.68,7042.0,True
2025-02-25,S3_SHORT_STRADDLE,22550,535.01,13.720000267028809,4.9,267.5,267.5,6688.0,True
2025-02-27,S3_SHORT_STRADDLE,22550,518.95,13.3100004196167,425.3,259.5,-622.74,-15568.0,False
2025-02-28,S3_SHORT_STRADDLE,22100,534.15,13.90999984741211,19.3,267.1,267.07,6677.0,True
2025-03-03,S3_SHORT_STRADDLE,22100,527.88,13.760000228881836,17.3,263.9,263.94,6598.0,True
2025-03-04,S3_SHORT_STRADDLE,22100,527.45,13.829999923706055,237.3,263.7,52.75,1319.0,True
2025-03-05,S3_SHORT_STRADDLE,22350,527.58,13.670000076293945,194.7,263.8,263.79,6595.0,True
2025-03-06,S3_SHORT_STRADDLE,22550,535.18,13.729999542236328,2.5,267.6,267.59,6690.0,True
2025-03-07,S3_SHORT_STRADDLE,22550,525.76,13.470000267028809,89.7,262.9,262.88,6572.0,True
2025-03-10,S3_SHORT_STRADDLE,22450,544.15,13.989999771118164,47.9,272.1,272.07,6802.0,True
2025-03-11,S3_SHORT_STRADDLE,22500,547.37,14.069999694824219,29.5,273.7,273.69,6842.0,True
2025-03-12,S3_SHORT_STRADDLE,22450,533.65,13.6899995803833,52.8,266.8,266.82,6670.0,True
2025-03-13,S3_SHORT_STRADDLE,22400,514.51,13.279999732971191,108.8,257.3,257.25,6431.0,True
2025-03-17,S3_SHORT_STRADDLE,22500,523.24,13.420000076293945,334.3,261.6,-627.89,-15697.0,False
2025-03-18,S3_SHORT_STRADDLE,22850,521.15,13.210000038146973,57.6,260.6,260.57,6514.0,True
2025-03-19,S3_SHORT_STRADDLE,22900,527.71,13.300000190734863,290.7,263.9,52.77,1319.0,True
2025-03-24,S3_SHORT_STRADDLE,23650,561.25,13.699999809265137,18.7,280.6,280.62,7016.0,True
2025-03-25,S3_SHORT_STRADDLE,23650,559.84,13.640000343322754,163.2,279.9,279.92,6998.0,True
2025-03-26,S3_SHORT_STRADDLE,23500,546.67,13.470000267028809,91.9,273.3,273.33,6833.0,True
2025-03-27,S3_SHORT_STRADDLE,23600,542.48,13.300000190734863,80.7,271.2,271.24,6781.0,True
2025-04-01,S3_SHORT_STRADDLE,23150,553.29,13.779999732971191,182.3,276.6,276.64,6916.0,True
2025-04-02,S3_SHORT_STRADDLE,23350,552.91,13.720000267028809,99.9,276.5,276.45,6911.0,True
2025-04-03,S3_SHORT_STRADDLE,23250,547.05,13.600000381469727,345.6,273.5,-656.46,-16412.0,False
2025-04-04,S3_SHORT_STRADDLE,22900,545.48,13.760000228881836,738.4,272.7,-654.58,-16365.0,False
2025-04-07,S3_SHORT_STRADDLE,22150,871.74,22.790000915527344,385.8,435.9,87.17,2179.0,True
2025-04-08,S3_SHORT_STRADDLE,22550,794.71,20.440000534057617,150.8,397.4,397.36,9934.0,True
2025-04-09,S3_SHORT_STRADDLE,22400,828.35,21.43000030517578,428.6,414.2,82.84,2071.0,True
2025-04-11,S3_SHORT_STRADDLE,22850,791.94,20.110000610351562,478.6,396.0,-950.33,-23758.0,False
2025-04-15,S3_SHORT_STRADDLE,23350,649.43,16.1299991607666,87.2,324.7,324.71,8118.0,True
2025-04-16,S3_SHORT_STRADDLE,23450,642.24,15.869999885559082,401.7,321.1,-770.69,-19267.0,False
2025-04-17,S3_SHORT_STRADDLE,23850,637.85,15.470000267028809,275.6,318.9,63.79,1595.0,True
2025-04-21,S3_SHORT_STRADDLE,24150,646.23,15.520000457763672,17.2,323.1,323.12,8078.0,True
2025-04-22,S3_SHORT_STRADDLE,24150,637.28,15.229999542236328,178.9,318.6,318.64,7966.0,True
2025-04-23,S3_SHORT_STRADDLE,24350,670.2,15.960000038146973,103.3,335.1,335.1,8378.0,True
2025-04-24,S3_SHORT_STRADDLE,24250,680.66,16.25,210.7,340.3,340.33,8508.0,True
2025-04-25,S3_SHORT_STRADDLE,24050,712.17,17.15999984741211,278.5,356.1,356.08,8902.0,True
2025-04-28,S3_SHORT_STRADDLE,24350,711.22,16.940000534057617,14.1,355.6,355.61,8890.0,True
2025-04-29,S3_SHORT_STRADDLE,24350,729.64,17.3700008392334,15.8,364.8,364.82,9120.0,True
2025-04-30,S3_SHORT_STRADDLE,24350,765.13,18.219999313354492,3.3,382.6,382.56,9564.0,True
2025-05-02,S3_SHORT_STRADDLE,24350,767.58,18.260000228881836,111.2,383.8,383.79,9595.0,True
2025-05-05,S3_SHORT_STRADDLE,24450,775.15,18.34000015258789,70.4,387.6,387.57,9689.0,True
2025-05-06,S3_SHORT_STRADDLE,24400,799.19,19.0,14.4,399.6,399.6,9990.0,True
2025-05-07,S3_SHORT_STRADDLE,24400,804.0,19.059999465942383,126.2,402.0,402.0,10050.0,True
2025-05-08,S3_SHORT_STRADDLE,24250,881.05,21.010000228881836,242.0,440.5,440.52,11013.0,True
2025-05-09,S3_SHORT_STRADDLE,24000,896.36,21.6299991607666,924.7,448.2,-1075.63,-26891.0,False
2025-05-12,S3_SHORT_STRADDLE,24900,792.67,18.389999389648438,321.7,396.3,79.27,1982.0,True
2025-05-13,S3_SHORT_STRADDLE,24600,771.84,18.200000762939453,66.9,385.9,385.92,9648.0,True
2025-05-14,S3_SHORT_STRADDLE,24650,734.97,17.229999542236328,412.1,367.5,73.5,1838.0,True
2025-05-15,S3_SHORT_STRADDLE,25050,731.85,16.889999389648438,30.2,365.9,365.93,9148.0,True
2025-05-16,S3_SHORT_STRADDLE,25000,716.48,16.549999237060547,54.6,358.2,358.24,8956.0,True
2025-05-19,S3_SHORT_STRADDLE,24950,747.82,17.360000610351562,266.1,373.9,373.91,9348.0,True
2025-05-20,S3_SHORT_STRADDLE,24700,740.87,17.389999389648438,113.4,370.4,370.44,9261.0,True
2025-05-21,S3_SHORT_STRADDLE,24800,752.77,17.549999237060547,190.3,376.4,376.38,9410.0,True
2025-05-22,S3_SHORT_STRADDLE,24600,734.15,17.260000228881836,253.2,367.1,367.07,9177.0,True
2025-05-23,S3_SHORT_STRADDLE,24850,741.95,17.280000686645508,151.2,371.0,370.98,9274.0,True
2025-05-26,S3_SHORT_STRADDLE,25000,778.07,18.020000457763672,173.8,389.0,389.04,9726.0,True
2025-05-27,S3_SHORT_STRADDLE,24850,794.11,18.540000915527344,97.6,397.1,397.06,9926.0,True
2025-05-28,S3_SHORT_STRADDLE,24750,770.39,18.020000457763672,83.6,385.2,385.19,9630.0,True
2025-05-29,S3_SHORT_STRADDLE,24850,703.91,16.420000076293945,99.3,352.0,351.95,8799.0,True
2025-05-30,S3_SHORT_STRADDLE,24750,687.76,16.079999923706055,33.4,343.9,343.88,8597.0,True
2025-06-02,S3_SHORT_STRADDLE,24700,733.47,17.15999984741211,157.5,366.7,366.74,9168.0,True
2025-06-03,S3_SHORT_STRADDLE,24550,701.87,16.559999465942383,70.2,350.9,350.94,8774.0,True
2025-06-04,S3_SHORT_STRADDLE,24600,671.33,15.75,150.9,335.7,335.67,8392.0,True
2025-06-05,S3_SHORT_STRADDLE,24750,645.28,15.079999923706055,253.1,322.6,322.64,8066.0,True
2025-06-06,S3_SHORT_STRADDLE,25000,632.66,14.630000114440918,103.2,316.3,316.33,7908.0,True
2025-06-09,S3_SHORT_STRADDLE,25100,637.79,14.6899995803833,4.2,318.9,318.89,7972.0,True
2025-06-10,S3_SHORT_STRADDLE,25100,609.02,14.020000457763672,41.4,304.5,304.51,7613.0,True
2025-06-11,S3_SHORT_STRADDLE,25150,594.09,13.670000076293945,261.8,297.0,59.41,1485.0,True
2025-06-12,S3_SHORT_STRADDLE,24900,602.91,14.020000457763672,181.4,301.5,301.45,7536.0,True
2025-06-13,S3_SHORT_STRADDLE,24700,645.53,15.079999923706055,246.5,322.8,322.76,8069.0,True
2025-06-16,S3_SHORT_STRADDLE,24950,639.87,14.84000015258789,96.6,319.9,319.94,7998.0,True
2025-06-17,S3_SHORT_STRADDLE,24850,619.09,14.399999618530273,37.9,309.5,309.55,7739.0,True
2025-06-18,S3_SHORT_STRADDLE,24800,613.51,14.279999732971191,6.8,306.8,306.75,7669.0,True
2025-06-19,S3_SHORT_STRADDLE,24800,611.08,14.260000228881836,312.4,305.5,61.11,1528.0,True
2025-06-20,S3_SHORT_STRADDLE,25100,594.71,13.670000076293945,128.1,297.4,297.36,7434.0,True
2025-06-23,S3_SHORT_STRADDLE,24950,608.36,14.050000190734863,94.3,304.2,304.18,7604.0,True
2025-06-24,S3_SHORT_STRADDLE,25050,590.66,13.640000343322754,194.8,295.3,295.33,7383.0,True
2025-11-21,S3_SHORT_STRADDLE,26050,615.96,13.630000114440918,90.5,308.0,307.98,7700.0,True
2025-11-24,S3_SHORT_STRADDLE,25950,595.41,13.239999771118164,65.2,297.7,297.7,7442.0,True
2026-01-21,S3_SHORT_STRADDLE,25150,600.17,13.779999732971191,139.9,300.1,300.08,7502.0,True
2026-01-22,S3_SHORT_STRADDLE,25300,583.62,13.350000381469727,251.3,291.8,58.36,1459.0,True
2026-01-23,S3_SHORT_STRADDLE,25050,614.65,14.1899995803833,125.4,307.3,307.32,7683.0,True
2026-01-27,S3_SHORT_STRADDLE,25200,628.01,14.449999809265137,142.8,314.0,314.0,7850.0,True
2026-01-28,S3_SHORT_STRADDLE,25350,592.82,13.529999732971191,68.9,296.4,296.41,7410.0,True
2026-01-29,S3_SHORT_STRADDLE,25400,589.41,13.369999885559082,79.3,294.7,294.7,7368.0,True
2026-01-30,S3_SHORT_STRADDLE,25300,598.54,13.630000114440918,211.6,299.3,299.27,7482.0,True
2026-02-02,S3_SHORT_STRADDLE,25100,601.31,13.869999885559082,627.6,300.7,-721.57,-18039.0,False
2026-02-13,S3_SHORT_STRADDLE,25450,587.32,13.289999961853027,232.8,293.7,293.66,7342.0,True
2026-02-16,S3_SHORT_STRADDLE,25700,591.47,13.329999923706055,25.4,295.7,295.74,7394.0,True
2026-02-19,S3_SHORT_STRADDLE,25450,593.07,13.460000038146973,121.2,296.5,296.54,7414.0,True
2026-02-20,S3_SHORT_STRADDLE,25550,636.43,14.359999656677246,163.0,318.2,318.21,7955.0,True
2026-02-23,S3_SHORT_STRADDLE,25700,630.97,14.170000076293945,275.3,315.5,63.1,1578.0,True
2026-02-24,S3_SHORT_STRADDLE,25400,623.93,14.149999618530273,82.5,312.0,311.96,7799.0,True
2026-02-25,S3_SHORT_STRADDLE,25500,593.85,13.489999771118164,3.4,296.9,296.93,7423.0,True
2026-02-26,S3_SHORT_STRADDLE,25500,576.07,13.0600004196167,321.3,288.0,57.61,1440.0,True
2026-02-27,S3_SHORT_STRADDLE,25200,595.7,13.699999809265137,334.3,297.9,59.57,1489.0,True
2026-03-02,S3_SHORT_STRADDLE,24850,736.56,17.1299991607666,369.5,368.3,73.66,1842.0,True
2026-03-04,S3_SHORT_STRADDLE,24500,892.72,21.139999389648438,265.9,446.4,446.36,11159.0,True
2026-03-05,S3_SHORT_STRADDLE,24750,764.63,17.860000610351562,299.6,382.3,382.31,9558.0,True
2026-03-06,S3_SHORT_STRADDLE,24450,839.08,19.8799991607666,421.9,419.5,83.91,2098.0,True
2026-03-09,S3_SHORT_STRADDLE,24050,968.04,23.360000610351562,211.6,484.0,484.02,12100.0,True
2026-03-10,S3_SHORT_STRADDLE,24250,792.59,18.90999984741211,383.2,396.3,79.26,1982.0,True
2026-03-11,S3_SHORT_STRADDLE,23850,868.05,21.059999465942383,210.8,434.0,434.02,10850.0,True
2026-03-12,S3_SHORT_STRADDLE,23650,877.63,21.520000457763672,498.9,438.8,87.76,2194.0,True
2026-03-13,S3_SHORT_STRADDLE,23150,904.78,22.649999618530273,258.8,452.4,452.39,11310.0,True
2026-03-16,S3_SHORT_STRADDLE,23400,872.82,21.600000381469727,181.2,436.4,436.41,10910.0,True
2026-03-17,S3_SHORT_STRADDLE,23600,805.11,19.790000915527344,177.8,402.6,402.56,10064.0,True
2026-03-18,S3_SHORT_STRADDLE,23800,767.96,18.719999313354492,797.8,384.0,-921.55,-23039.0,False
2026-03-19,S3_SHORT_STRADDLE,23000,904.92,22.799999237060547,114.5,452.5,452.46,11312.0,True
2026-03-20,S3_SHORT_STRADDLE,23100,910.1,22.809999465942383,587.3,455.1,-1092.12,-27303.0,False
2026-03-23,S3_SHORT_STRADDLE,22500,1038.03,26.729999542236328,412.4,519.0,519.01,12975.0,True
2026-03-24,S3_SHORT_STRADDLE,22900,978.07,24.739999771118164,406.4,489.0,97.81,2445.0,True
2026-03-25,S3_SHORT_STRADDLE,23300,990.74,24.639999389648438,480.4,495.4,99.07,2477.0,True
2026-03-27,S3_SHORT_STRADDLE,22800,1055.09,26.799999237060547,468.6,527.5,105.51,2638.0,True
2026-03-30,S3_SHORT_STRADDLE,22350,1073.91,27.889999389648438,329.4,537.0,536.96,13424.0,True
2026-04-01,S3_SHORT_STRADDLE,22700,978.16,25.010000228881836,13.1,489.1,489.08,12227.0,True
2026-04-02,S3_SHORT_STRADDLE,22700,1000.04,25.520000457763672,268.2,500.0,500.02,12500.0,True
2026-04-06,S3_SHORT_STRADDLE,22950,1009.43,25.469999313354492,173.7,504.7,504.71,12618.0,True
2026-04-07,S3_SHORT_STRADDLE,23100,985.84,24.700000762939453,897.3,492.9,-1183.01,-29575.0,False
2026-04-08,S3_SHORT_STRADDLE,24000,816.0,19.700000762939453,224.9,408.0,408.0,10200.0,True
2026-04-09,S3_SHORT_STRADDLE,23800,837.85,20.43000030517578,250.6,418.9,418.93,10473.0,True
2026-04-10,S3_SHORT_STRADDLE,24050,782.78,18.850000381469727,207.3,391.4,391.39,9785.0,True
2026-04-13,S3_SHORT_STRADDLE,23850,843.42,20.5,381.3,421.7,84.34,2108.0,True
2026-04-15,S3_SHORT_STRADDLE,24250,780.6,18.670000076293945,53.2,390.3,390.3,9758.0,True
2026-04-16,S3_SHORT_STRADDLE,24200,755.78,18.09000015258789,153.6,377.9,377.89,9447.0,True
2026-04-17,S3_SHORT_STRADDLE,24350,724.13,17.209999084472656,14.8,362.1,362.06,9052.0,True
2026-04-20,S3_SHORT_STRADDLE,24350,791.1,18.790000915527344,226.6,395.6,395.55,9889.0,True
2026-04-21,S3_SHORT_STRADDLE,24600,743.39,17.530000686645508,221.9,371.7,371.69,9292.0,True
2026-04-22,S3_SHORT_STRADDLE,24400,769.74,18.299999237060547,226.9,384.9,384.87,9622.0,True
2026-04-23,S3_SHORT_STRADDLE,24150,777.01,18.59000015258789,252.1,388.5,388.5,9712.0,True
2026-04-24,S3_SHORT_STRADDLE,23900,813.05,19.709999084472656,192.7,406.5,406.52,10163.0,True
2026-04-27,S3_SHORT_STRADDLE,24100,764.41,18.3799991607666,104.3,382.2,382.2,9555.0,True
2026-04-28,S3_SHORT_STRADDLE,24000,747.81,18.049999237060547,177.7,373.9,373.9,9348.0,True
2026-04-29,S3_SHORT_STRADDLE,24200,727.59,17.440000534057617,202.4,363.8,363.8,9095.0,True
2026-04-30,S3_SHORT_STRADDLE,24000,764.85,18.459999084472656,119.3,382.4,382.43,9561.0,True
2026-05-04,S3_SHORT_STRADDLE,24100,763.08,18.299999237060547,67.2,381.5,381.54,9538.0,True
2026-05-05,S3_SHORT_STRADDLE,24050,742.8,17.90999984741211,280.9,371.4,371.4,9285.0,True
2026-05-06,S3_SHORT_STRADDLE,24350,700.46,16.68000030517578,23.3,350.2,350.23,8756.0,True
2026-05-07,S3_SHORT_STRADDLE,24350,697.72,16.6200008392334,173.8,348.9,348.86,8722.0,True
2026-05-08,S3_SHORT_STRADDLE,24200,702.54,16.84000015258789,384.2,351.3,70.25,1756.0,True
2026-05-11,S3_SHORT_STRADDLE,23800,763.53,18.549999237060547,420.4,381.8,76.35,1909.0,True
2026-05-12,S3_SHORT_STRADDLE,23400,777.67,19.280000686645508,12.6,388.8,388.83,9721.0,True
2026-05-13,S3_SHORT_STRADDLE,23400,785.83,19.43000030517578,289.6,392.9,392.92,9823.0,True
